site_a,site_b,distance_km,same_corridor,adjacency_weight,generated_at
FKID006340,FKID006955,7.4875,True,0.223687,2026-06-20T02:30:03.907125+00:00
FKID006340,FKID007660,6.6554,True,0.26419,2026-06-20T02:30:03.907125+00:00
FKID006340,FKID008103,20.5528,True,0.016399,2026-06-20T02:30:03.907125+00:00
FKID006340,FKID000022,9.9078,True,0.137854,2026-06-20T02:30:03.907125+00:00
FKID006340,FKID001288,11.1375,True,0.107797,2026-06-20T02:30:03.907125+00:00
FKID006340,FKID001125,10.4686,True,0.123227,2026-06-20T02:30:03.907125+00:00
FKID006340,FKID006361,21.441,True,0.01373,2026-06-20T02:30:03.907125+00:00
FKID006340,FKID004125,11.8102,True,0.094228,2026-06-20T02:30:03.907125+00:00
FKID006340,FKID001693,5.7298,True,0.317917,2026-06-20T02:30:03.907125+00:00
FKID006340,FKID000944,9.6865,True,0.144092,2026-06-20T02:30:03.907125+00:00
FKID006340,FKID000316,11.4926,True,0.100407,2026-06-20T02:30:03.907125+00:00
FKID006340,FKID006514,9.6107,True,0.146294,2026-06-20T02:30:03.907125+00:00
FKID006340,FKID006015,9.4463,True,0.151185,2026-06-20T02:30:03.907125+00:00
FKID006340,FKID000842,7.0245,True,0.245391,2026-06-20T02:30:03.907125+00:00
FKID006340,FKID000129,1.875,True,0.687283,2026-06-20T02:30:03.907125+00:00
FKID006340,FKID003911,7.1882,True,0.237489,2026-06-20T02:30:03.907125+00:00
FKID006340,FKID000528,8.3017,True,0.190074,2026-06-20T02:30:03.907125+00:00
FKID006340,FKID000923,8.86,True,0.169991,2026-06-20T02:30:03.907125+00:00
FKID006340,FKID007189,17.2662,True,0.031643,2026-06-20T02:30:03.907125+00:00
FKID006340,FKID001133,10.4776,True,0.123007,2026-06-20T02:30:03.907125+00:00
FKID006340,FKID004711,4.4976,True,0.406765,2026-06-20T02:30:03.907125+00:00
FKID006340,FKID004806,4.1163,True,0.438995,2026-06-20T02:30:03.907125+00:00
FKID006340,FKID007137,11.4816,True,0.100629,2026-06-20T02:30:03.907125+00:00
FKID006340,FKID005996,11.0544,True,0.109604,2026-06-20T02:30:03.907125+00:00
FKID006340,FKID000968,8.2003,True,0.19397,2026-06-20T02:30:03.907125+00:00
FKID006340,FKID001931,10.183,True,0.130472,2026-06-20T02:30:03.907125+00:00
FKID006340,FKID001932,10.2059,True,0.129874,2026-06-20T02:30:03.907125+00:00
FKID006340,FKID003103,21.9476,True,0.012407,2026-06-20T02:30:03.907125+00:00
FKID006340,FKID001646,11.6152,True,0.097976,2026-06-20T02:30:03.907125+00:00
FKID006340,FKID004531,18.0311,True,0.027154,2026-06-20T02:30:03.907125+00:00
FKID006340,FKID000164,11.7722,True,0.094946,2026-06-20T02:30:03.907125+00:00
FKID006340,FKID005593,2.4053,True,0.618122,2026-06-20T02:30:03.907125+00:00
FKID006340,FKID004694,20.2453,True,0.017439,2026-06-20T02:30:03.907125+00:00
FKID006340,FKID003235,13.0426,True,0.073644,2026-06-20T02:30:03.907125+00:00
FKID006340,FKID005137,24.2146,True,0.007884,2026-06-20T02:30:03.907125+00:00
FKID006340,FKID001489,10.175,True,0.13068,2026-06-20T02:30:03.907125+00:00
FKID006340,FKID004408,6.9176,True,0.250694,2026-06-20T02:30:03.907125+00:00
FKID006340,FKID004829,7.0711,True,0.243116,2026-06-20T02:30:03.907125+00:00
FKID006340,FKID005079,17.1658,True,0.032285,2026-06-20T02:30:03.907125+00:00
FKID006340,FKID001592,9.9145,True,0.137668,2026-06-20T02:30:03.907125+00:00
FKID006340,FKID000346,25.6486,True,0.005918,2026-06-20T02:30:03.907125+00:00
FKID006340,FKID004519,19.141,True,0.021749,2026-06-20T02:30:03.907125+00:00
FKID006340,FKID003897,6.1293,True,0.293506,2026-06-20T02:30:03.907125+00:00
FKID006340,FKID004967,14.9454,True,0.050334,2026-06-20T02:30:03.907125+00:00
FKID006340,FKID005194,12.9677,True,0.074756,2026-06-20T02:30:03.907125+00:00
FKID006340,FKID004492,14.2708,True,0.057604,2026-06-20T02:30:03.907125+00:00
FKID006340,FKID005244,25.234,True,0.00643,2026-06-20T02:30:03.907125+00:00
FKID006340,FKID004401,25.2583,True,0.006399,2026-06-20T02:30:03.907125+00:00
FKID006340,FKID000002,7.6627,True,0.215986,2026-06-20T02:30:03.907125+00:00
FKID006955,FKID007660,2.8034,True,0.570818,2026-06-20T02:30:03.907125+00:00
FKID006955,FKID008103,13.7502,True,0.063926,2026-06-20T02:30:03.907125+00:00
FKID006955,FKID000022,9.5246,True,0.148836,2026-06-20T02:30:03.907125+00:00
FKID006955,FKID001288,9.7082,True,0.143467,2026-06-20T02:30:03.907125+00:00
FKID006955,FKID001125,3.7654,True,0.470916,2026-06-20T02:30:03.907125+00:00
FKID006955,FKID006361,14.5604,True,0.054362,2026-06-20T02:30:03.907125+00:00
FKID006955,FKID004125,8.4379,True,0.184966,2026-06-20T02:30:03.907125+00:00
FKID006955,FKID001693,1.7928,True,0.698679,2026-06-20T02:30:03.907125+00:00
FKID006955,FKID000944,7.15,True,0.239307,2026-06-20T02:30:03.907125+00:00
FKID006955,FKID000316,4.4778,True,0.408376,2026-06-20T02:30:03.907125+00:00
FKID006955,FKID006514,8.565,True,0.180322,2026-06-20T02:30:03.907125+00:00
FKID006955,FKID006015,2.6481,True,0.588824,2026-06-20T02:30:03.907125+00:00
FKID006955,FKID000842,1.6013,True,0.725964,2026-06-20T02:30:03.907125+00:00
FKID006955,FKID000129,9.3557,True,0.153949,2026-06-20T02:30:03.907125+00:00
FKID006955,FKID003911,1.8829,True,0.68621,2026-06-20T02:30:03.907125+00:00
FKID006955,FKID000528,8.7077,True,0.175249,2026-06-20T02:30:03.907125+00:00
FKID006955,FKID000923,6.514,True,0.271768,2026-06-20T02:30:03.907125+00:00
FKID006955,FKID007189,11.3503,True,0.103306,2026-06-20T02:30:03.907125+00:00
FKID006955,FKID001133,3.7759,True,0.469921,2026-06-20T02:30:03.907125+00:00
FKID006955,FKID004711,9.1721,True,0.159705,2026-06-20T02:30:03.907125+00:00
FKID006955,FKID004806,9.122,True,0.161314,2026-06-20T02:30:03.907125+00:00
FKID006955,FKID007137,7.6762,True,0.215404,2026-06-20T02:30:03.907125+00:00
FKID006955,FKID005996,10.0984,True,0.132697,2026-06-20T02:30:03.907125+00:00
FKID006955,FKID000968,1.2063,True,0.785631,2026-06-20T02:30:03.907125+00:00
FKID006955,FKID001931,3.1599,True,0.531536,2026-06-20T02:30:03.907125+00:00
FKID006955,FKID001932,3.345,True,0.512223,2026-06-20T02:30:03.907125+00:00
FKID006955,FKID003103,16.6522,True,0.035778,2026-06-20T02:30:03.907125+00:00
FKID006955,FKID001646,4.8957,True,0.375635,2026-06-20T02:30:03.907125+00:00
FKID006955,FKID004531,10.5462,True,0.12133,2026-06-20T02:30:03.907125+00:00
FKID006955,FKID000164,5.0874,True,0.361505,2026-06-20T02:30:03.907125+00:00
FKID006955,FKID005593,6.1538,True,0.292072,2026-06-20T02:30:03.907125+00:00
FKID006955,FKID004694,13.7991,True,0.063303,2026-06-20T02:30:03.907125+00:00
FKID006955,FKID003235,5.6243,True,0.3247,2026-06-20T02:30:03.907125+00:00
FKID006955,FKID005137,23.4523,True,0.009183,2026-06-20T02:30:03.907125+00:00
FKID006955,FKID001489,3.092,True,0.538805,2026-06-20T02:30:03.907125+00:00
FKID006955,FKID004408,5.2607,True,0.349187,2026-06-20T02:30:03.907125+00:00
FKID006955,FKID004829,4.0026,True,0.449094,2026-06-20T02:30:03.907125+00:00
FKID006955,FKID005079,9.739,True,0.142587,2026-06-20T02:30:03.907125+00:00
FKID006955,FKID001592,9.5422,True,0.148311,2026-06-20T02:30:03.907125+00:00
FKID006955,FKID000346,19.6461,True,0.019659,2026-06-20T02:30:03.907125+00:00
FKID006955,FKID004519,12.4083,True,0.083605,2026-06-20T02:30:03.907125+00:00
FKID006955,FKID003897,4.3387,True,0.419901,2026-06-20T02:30:03.907125+00:00
FKID006955,FKID004967,7.6841,True,0.215064,2026-06-20T02:30:03.907125+00:00
FKID006955,FKID005194,6.7865,True,0.257356,2026-06-20T02:30:03.907125+00:00
FKID006955,FKID004492,7.2918,True,0.232617,2026-06-20T02:30:03.907125+00:00
FKID006955,FKID005244,20.1344,True,0.01783,2026-06-20T02:30:03.907125+00:00
FKID006955,FKID004401,20.1813,True,0.017663,2026-06-20T02:30:03.907125+00:00
FKID006955,FKID000002,5.1084,True,0.35999,2026-06-20T02:30:03.907125+00:00
FKID007660,FKID008103,13.9031,True,0.062,2026-06-20T02:30:03.907125+00:00
FKID007660,FKID000022,6.7592,True,0.258766,2026-06-20T02:30:03.907125+00:00
FKID007660,FKID001288,12.0348,True,0.090089,2026-06-20T02:30:03.907125+00:00
FKID007660,FKID001125,3.9445,True,0.454341,2026-06-20T02:30:03.907125+00:00
FKID007660,FKID006361,14.7984,True,0.051835,2026-06-20T02:30:03.907125+00:00
FKID007660,FKID004125,6.2906,True,0.284189,2026-06-20T02:30:03.907125+00:00
FKID007660,FKID001693,2.2167,True,0.641889,2026-06-20T02:30:03.907125+00:00
FKID007660,FKID000944,4.635,True,0.395742,2026-06-20T02:30:03.907125+00:00
FKID007660,FKID000316,5.048,True,0.364364,2026-06-20T02:30:03.907125+00:00
FKID007660,FKID006514,5.8388,True,0.311063,2026-06-20T02:30:03.907125+00:00
FKID007660,FKID006015,3.096,True,0.538378,2026-06-20T02:30:03.907125+00:00
FKID007660,FKID000842,1.2168,True,0.783986,2026-06-20T02:30:03.907125+00:00
FKID007660,FKID000129,8.471,True,0.183746,2026-06-20T02:30:03.907125+00:00
FKID007660,FKID003911,1.0296,True,0.813892,2026-06-20T02:30:03.907125+00:00
FKID007660,FKID000528,5.905,True,0.306974,2026-06-20T02:30:03.907125+00:00
FKID007660,FKID000923,3.8976,True,0.458623,2026-06-20T02:30:03.907125+00:00
FKID007660,FKID007189,14.0877,True,0.059752,2026-06-20T02:30:03.907125+00:00
FKID007660,FKID001133,3.9521,True,0.453654,2026-06-20T02:30:03.907125+00:00
FKID007660,FKID004711,9.6503,True,0.14514,2026-06-20T02:30:03.907125+00:00
FKID007660,FKID004806,9.4751,True,0.150316,2026-06-20T02:30:03.907125+00:00
FKID007660,FKID007137,5.6653,True,0.322047,2026-06-20T02:30:03.907125+00:00
FKID007660,FKID005996,7.412,True,0.22709,2026-06-20T02:30:03.907125+00:00
FKID007660,FKID000968,4.0069,True,0.448707,2026-06-20T02:30:03.907125+00:00
FKID007660,FKID001931,3.8658,True,0.461552,2026-06-20T02:30:03.907125+00:00
FKID007660,FKID001932,3.7816,True,0.469389,2026-06-20T02:30:03.907125+00:00
FKID007660,FKID003103,15.6454,True,0.043758,2026-06-20T02:30:03.907125+00:00
FKID007660,FKID001646,5.0344,True,0.365355,2026-06-20T02:30:03.907125+00:00
FKID007660,FKID004531,12.1871,True,0.087385,2026-06-20T02:30:03.907125+00:00
FKID007660,FKID000164,5.1762,True,0.355141,2026-06-20T02:30:03.907125+00:00
FKID007660,FKID005593,6.2605,True,0.285903,2026-06-20T02:30:03.907125+00:00
FKID007660,FKID004694,13.6017,True,0.065852,2026-06-20T02:30:03.907125+00:00
FKID007660,FKID003235,6.9403,True,0.249558,2026-06-20T02:30:03.907125+00:00
FKID007660,FKID005137,20.9371,True,0.015185,2026-06-20T02:30:03.907125+00:00
FKID007660,FKID001489,3.9058,True,0.457877,2026-06-20T02:30:03.907125+00:00
FKID007660,FKID004408,7.2432,True,0.234887,2026-06-20T02:30:03.907125+00:00
FKID007660,FKID004829,6.2014,True,0.289305,2026-06-20T02:30:03.907125+00:00
FKID007660,FKID005079,10.9422,True,0.112091,2026-06-20T02:30:03.907125+00:00
FKID007660,FKID001592,6.7763,True,0.257878,2026-06-20T02:30:03.907125+00:00
FKID007660,FKID000346,19.1163,True,0.021857,2026-06-20T02:30:03.907125+00:00
FKID007660,FKID004519,12.4885,True,0.082275,2026-06-20T02:30:03.907125+00:00
FKID007660,FKID003897,1.5962,True,0.726698,2026-06-20T02:30:03.907125+00:00
FKID007660,FKID004967,9.9381,True,0.137022,2026-06-20T02:30:03.907125+00:00
FKID007660,FKID005194,9.5416,True,0.14833,2026-06-20T02:30:03.907125+00:00
FKID007660,FKID004492,7.7075,True,0.21406,2026-06-20T02:30:03.907125+00:00
FKID007660,FKID005244,19.0459,True,0.022167,2026-06-20T02:30:03.907125+00:00
FKID007660,FKID004401,19.0808,True,0.022012,2026-06-20T02:30:03.907125+00:00
FKID007660,FKID000002,2.398,True,0.619026,2026-06-20T02:30:03.907125+00:00
FKID008103,FKID000022,15.2121,True,0.047719,2026-06-20T02:30:03.907125+00:00
FKID008103,FKID001288,21.4104,True,0.013814,2026-06-20T02:30:03.907125+00:00
FKID008103,FKID001125,10.1639,True,0.130971,2026-06-20T02:30:03.907125+00:00
FKID008103,FKID006361,0.9602,True,0.825277,2026-06-20T02:30:03.907125+00:00
FKID008103,FKID004125,11.1119,True,0.10835,2026-06-20T02:30:03.907125+00:00
FKID008103,FKID001693,15.1584,True,0.048234,2026-06-20T02:30:03.907125+00:00
FKID008103,FKID000944,12.7312,True,0.078376,2026-06-20T02:30:03.907125+00:00
FKID008103,FKID000316,9.2805,True,0.15628,2026-06-20T02:30:03.907125+00:00
FKID008103,FKID006514,14.3641,True,0.056539,2026-06-20T02:30:03.907125+00:00
FKID008103,FKID006015,11.2642,True,0.1051,2026-06-20T02:30:03.907125+00:00
FKID008103,FKID000842,13.6257,True,0.065538,2026-06-20T02:30:03.907125+00:00
FKID008103,FKID000129,22.3738,True,0.011393,2026-06-20T02:30:03.907125+00:00
FKID008103,FKID003911,13.4124,True,0.068393,2026-06-20T02:30:03.907125+00:00
FKID008103,FKID000528,16.0562,True,0.040307,2026-06-20T02:30:03.907125+00:00
FKID008103,FKID000923,13.1885,True,0.071526,2026-06-20T02:30:03.907125+00:00
FKID008103,FKID007189,16.0395,True,0.040441,2026-06-20T02:30:03.907125+00:00
FKID008103,FKID001133,10.1541,True,0.131227,2026-06-20T02:30:03.907125+00:00
FKID008103,FKID004711,22.9206,True,0.010213,2026-06-20T02:30:03.907125+00:00
FKID008103,FKID004806,22.8578,True,0.010342,2026-06-20T02:30:03.907125+00:00
FKID008103,FKID007137,10.7311,True,0.116926,2026-06-20T02:30:03.907125+00:00
FKID008103,FKID005996,14.5083,True,0.054932,2026-06-20T02:30:03.907125+00:00
FKID008103,FKID000968,13.7609,True,0.063788,2026-06-20T02:30:03.907125+00:00
FKID008103,FKID001931,10.6184,True,0.119591,2026-06-20T02:30:03.907125+00:00
FKID008103,FKID001932,10.5008,True,0.122437,2026-06-20T02:30:03.907125+00:00
FKID008103,FKID003103,6.6777,True,0.263014,2026-06-20T02:30:03.907125+00:00
FKID008103,FKID001646,8.9921,True,0.165561,2026-06-20T02:30:03.907125+00:00
FKID008103,FKID004531,7.4737,True,0.224309,2026-06-20T02:30:03.907125+00:00
FKID008103,FKID000164,8.8206,True,0.171337,2026-06-20T02:30:03.907125+00:00
FKID008103,FKID005593,19.7841,True,0.019124,2026-06-20T02:30:03.907125+00:00
FKID008103,FKID004694,1.7249,True,0.708238,2026-06-20T02:30:03.907125+00:00
FKID008103,FKID003235,8.6121,True,0.178635,2026-06-20T02:30:03.907125+00:00
FKID008103,FKID005137,21.0416,True,0.014871,2026-06-20T02:30:03.907125+00:00
FKID008103,FKID001489,10.6703,True,0.118356,2026-06-20T02:30:03.907125+00:00
FKID008103,FKID004408,18.4116,True,0.025165,2026-06-20T02:30:03.907125+00:00
FKID008103,FKID004829,17.0895,True,0.032781,2026-06-20T02:30:03.907125+00:00
FKID008103,FKID005079,5.8009,True,0.313429,2026-06-20T02:30:03.907125+00:00
FKID008103,FKID001592,15.2273,True,0.047574,2026-06-20T02:30:03.907125+00:00
FKID008103,FKID000346,6.8592,True,0.25364,2026-06-20T02:30:03.907125+00:00
FKID008103,FKID004519,1.4275,True,0.751636,2026-06-20T02:30:03.907125+00:00
FKID008103,FKID003897,14.7384,True,0.052461,2026-06-20T02:30:03.907125+00:00
FKID008103,FKID004967,10.648,True,0.118884,2026-06-20T02:30:03.907125+00:00
FKID008103,FKID005194,14.2426,True,0.057929,2026-06-20T02:30:03.907125+00:00
FKID008103,FKID004492,6.4588,True,0.274788,2026-06-20T02:30:03.907125+00:00
FKID008103,FKID005244,9.3893,True,0.152918,2026-06-20T02:30:03.907125+00:00
FKID008103,FKID004401,9.4791,True,0.150194,2026-06-20T02:30:03.907125+00:00
FKID008103,FKID000002,13.5725,True,0.066238,2026-06-20T02:30:03.907125+00:00
FKID000022,FKID001288,18.5627,True,0.024415,2026-06-20T02:30:03.907125+00:00
FKID000022,FKID001125,8.5826,True,0.179689,2026-06-20T02:30:03.907125+00:00
FKID000022,FKID006361,16.1695,True,0.039403,2026-06-20T02:30:03.907125+00:00
FKID000022,FKID004125,4.1003,True,0.440408,2026-06-20T02:30:03.907125+00:00
FKID000022,FKID001693,8.7713,True,0.173035,2026-06-20T02:30:03.907125+00:00
FKID000022,FKID000944,3.0005,True,0.548755,2026-06-20T02:30:03.907125+00:00
FKID000022,FKID000316,9.5322,True,0.148607,2026-06-20T02:30:03.907125+00:00
FKID000022,FKID006514,1.0793,True,0.805852,2026-06-20T02:30:03.907125+00:00
FKID000022,FKID006015,8.5688,True,0.180186,2026-06-20T02:30:03.907125+00:00
FKID000022,FKID000842,7.9257,True,0.204921,2026-06-20T02:30:03.907125+00:00
FKID000022,FKID000129,10.9876,True,0.111078,2026-06-20T02:30:03.907125+00:00
FKID000022,FKID003911,7.6463,True,0.216698,2026-06-20T02:30:03.907125+00:00
FKID000022,FKID000528,1.6386,True,0.720561,2026-06-20T02:30:03.907125+00:00
FKID000022,FKID000923,3.2096,True,0.526286,2026-06-20T02:30:03.907125+00:00
FKID000022,FKID007189,20.4996,True,0.016574,2026-06-20T02:30:03.907125+00:00
FKID000022,FKID001133,8.5818,True,0.179718,2026-06-20T02:30:03.907125+00:00
FKID000022,FKID004711,14.2418,True,0.057939,2026-06-20T02:30:03.907125+00:00
FKID000022,FKID004806,13.9136,True,0.06187,2026-06-20T02:30:03.907125+00:00
FKID000022,FKID007137,4.5779,True,0.400288,2026-06-20T02:30:03.907125+00:00
FKID000022,FKID005996,1.2088,True,0.785241,2026-06-20T02:30:03.907125+00:00
FKID000022,FKID000968,10.7049,True,0.11754,2026-06-20T02:30:03.907125+00:00
FKID000022,FKID001931,9.096,True,0.162157,2026-06-20T02:30:03.907125+00:00
FKID000022,FKID001932,8.7983,True,0.172102,2026-06-20T02:30:03.907125+00:00
FKID000022,FKID003103,13.8786,True,0.062304,2026-06-20T02:30:03.907125+00:00
FKID000022,FKID001646,8.9638,True,0.166501,2026-06-20T02:30:03.907125+00:00
FKID000022,FKID004531,16.6413,True,0.035855,2026-06-20T02:30:03.907125+00:00
FKID000022,FKID000164,8.957,True,0.166726,2026-06-20T02:30:03.907125+00:00
FKID000022,FKID005593,11.0684,True,0.109297,2026-06-20T02:30:03.907125+00:00
FKID000022,FKID004694,14.1666,True,0.058818,2026-06-20T02:30:03.907125+00:00
FKID000022,FKID003235,11.7178,True,0.095986,2026-06-20T02:30:03.907125+00:00
FKID000022,FKID005137,14.5892,True,0.054051,2026-06-20T02:30:03.907125+00:00
FKID000022,FKID001489,9.215,True,0.158342,2026-06-20T02:30:03.907125+00:00
FKID000022,FKID004408,13.6639,True,0.065038,2026-06-20T02:30:03.907125+00:00
FKID000022,FKID004829,12.7985,True,0.077328,2026-06-20T02:30:03.907125+00:00
FKID000022,FKID005079,14.7812,True,0.052014,2026-06-20T02:30:03.907125+00:00
FKID000022,FKID001592,0.0194,True,0.996128,2026-06-20T02:30:03.907125+00:00
FKID000022,FKID000346,18.1975,True,0.026266,2026-06-20T02:30:03.907125+00:00
FKID000022,FKID004519,13.8708,True,0.062402,2026-06-20T02:30:03.907125+00:00
FKID000022,FKID003897,5.455,True,0.335878,2026-06-20T02:30:03.907125+00:00
FKID000022,FKID004967,15.5997,True,0.04416,2026-06-20T02:30:03.907125+00:00
FKID000022,FKID005194,16.0556,True,0.040311,2026-06-20T02:30:03.907125+00:00
FKID000022,FKID004492,10.9196,True,0.112599,2026-06-20T02:30:03.907125+00:00
FKID000022,FKID005244,16.6955,True,0.035469,2026-06-20T02:30:03.907125+00:00
FKID000022,FKID004401,16.6957,True,0.035467,2026-06-20T02:30:03.907125+00:00
FKID000022,FKID000002,4.4234,True,0.412843,2026-06-20T02:30:03.907125+00:00
FKID001288,FKID001125,13.0057,True,0.074189,2026-06-20T02:30:03.907125+00:00
FKID001288,FKID006361,21.9948,True,0.01229,2026-06-20T02:30:03.907125+00:00
FKID001288,FKID004125,18.1299,True,0.026623,2026-06-20T02:30:03.907125+00:00
FKID001288,FKID001693,9.8572,True,0.139256,2026-06-20T02:30:03.907125+00:00
FKID001288,FKID000944,16.6649,True,0.035686,2026-06-20T02:30:03.907125+00:00
FKID001288,FKID000316,13.2104,True,0.071213,2026-06-20T02:30:03.907125+00:00
FKID001288,FKID006514,17.7628,True,0.028651,2026-06-20T02:30:03.907125+00:00
FKID001288,FKID006015,12.0583,True,0.089667,2026-06-20T02:30:03.907125+00:00
FKID001288,FKID000842,11.0831,True,0.108978,2026-06-20T02:30:03.907125+00:00
FKID001288,FKID000129,12.0637,True,0.089569,2026-06-20T02:30:03.907125+00:00
FKID001288,FKID003911,11.4209,True,0.101857,2026-06-20T02:30:03.907125+00:00
FKID001288,FKID000528,17.3476,True,0.031132,2026-06-20T02:30:03.907125+00:00
FKID001288,FKID000923,15.9297,True,0.041339,2026-06-20T02:30:03.907125+00:00
FKID001288,FKID007189,9.3781,True,0.153259,2026-06-20T02:30:03.907125+00:00
FKID001288,FKID001133,13.0154,True,0.074045,2026-06-20T02:30:03.907125+00:00
FKID001288,FKID004711,8.0602,True,0.199479,2026-06-20T02:30:03.907125+00:00
FKID001288,FKID004806,8.4426,True,0.184793,2026-06-20T02:30:03.907125+00:00
FKID001288,FKID007137,17.3819,True,0.030919,2026-06-20T02:30:03.907125+00:00
FKID001288,FKID005996,19.3697,True,0.020776,2026-06-20T02:30:03.907125+00:00
FKID001288,FKID000968,8.864,True,0.169858,2026-06-20T02:30:03.907125+00:00
FKID001288,FKID001931,12.2318,True,0.086608,2026-06-20T02:30:03.907125+00:00
FKID001288,FKID001932,12.5408,True,0.081418,2026-06-20T02:30:03.907125+00:00
FKID001288,FKID003103,25.7278,True,0.005825,2026-06-20T02:30:03.907125+00:00
FKID001288,FKID001646,13.8947,True,0.062104,2026-06-20T02:30:03.907125+00:00
FKID001288,FKID004531,15.3445,True,0.046472,2026-06-20T02:30:03.907125+00:00
FKID001288,FKID000164,14.0845,True,0.059791,2026-06-20T02:30:03.907125+00:00
FKID001288,FKID005593,8.7859,True,0.17253,2026-06-20T02:30:03.907125+00:00
FKID001288,FKID004694,22.0061,True,0.012262,2026-06-20T02:30:03.907125+00:00
FKID001288,FKID003235,12.9361,True,0.075228,2026-06-20T02:30:03.907125+00:00
FKID001288,FKID005137,32.9666,True,0.001369,2026-06-20T02:30:03.907125+00:00
FKID001288,FKID001489,12.1078,True,0.088783,2026-06-20T02:30:03.907125+00:00
FKID001288,FKID004408,4.9074,True,0.374757,2026-06-20T02:30:03.907125+00:00
FKID001288,FKID004829,5.8341,True,0.311355,2026-06-20T02:30:03.907125+00:00
FKID001288,FKID005079,15.9417,True,0.04124,2026-06-20T02:30:03.907125+00:00
FKID001288,FKID001592,18.5777,True,0.024343,2026-06-20T02:30:03.907125+00:00
FKID001288,FKID000346,28.0314,True,0.003675,2026-06-20T02:30:03.907125+00:00
FKID001288,FKID004519,20.3196,True,0.017181,2026-06-20T02:30:03.907125+00:00
FKID001288,FKID003897,13.1208,True,0.072501,2026-06-20T02:30:03.907125+00:00
FKID001288,FKID004967,11.3539,True,0.103232,2026-06-20T02:30:03.907125+00:00
FKID001288,FKID005194,7.5678,True,0.220126,2026-06-20T02:30:03.907125+00:00
FKID001288,FKID004492,15.4752,True,0.045273,2026-06-20T02:30:03.907125+00:00
FKID001288,FKID005244,29.2157,True,0.0029,2026-06-20T02:30:03.907125+00:00
FKID001288,FKID004401,29.2745,True,0.002866,2026-06-20T02:30:03.907125+00:00
FKID001288,FKID000002,14.4123,True,0.055997,2026-06-20T02:30:03.907125+00:00
FKID001125,FKID006361,11.0213,True,0.110332,2026-06-20T02:30:03.907125+00:00
FKID001125,FKID004125,5.9825,True,0.30225,2026-06-20T02:30:03.907125+00:00
FKID001125,FKID001693,5.0009,True,0.367816,2026-06-20T02:30:03.907125+00:00
FKID001125,FKID000944,5.6326,True,0.324162,2026-06-20T02:30:03.907125+00:00
FKID001125,FKID000316,1.1332,True,0.79721,2026-06-20T02:30:03.907125+00:00
FKID001125,FKID006514,7.5045,True,0.22293,2026-06-20T02:30:03.907125+00:00
FKID001125,FKID006015,1.1293,True,0.797826,2026-06-20T02:30:03.907125+00:00
FKID001125,FKID000842,3.4694,True,0.499629,2026-06-20T02:30:03.907125+00:00
FKID001125,FKID000129,12.3222,True,0.085057,2026-06-20T02:30:03.907125+00:00
FKID001125,FKID003911,3.281,True,0.518824,2026-06-20T02:30:03.907125+00:00
FKID001125,FKID000528,8.4247,True,0.185457,2026-06-20T02:30:03.907125+00:00
FKID001125,FKID000923,5.4074,True,0.339093,2026-06-20T02:30:03.907125+00:00
FKID001125,FKID007189,12.2035,True,0.0871,2026-06-20T02:30:03.907125+00:00
FKID001125,FKID001133,0.0106,True,0.997887,2026-06-20T02:30:03.907125+00:00
FKID001125,FKID004711,12.8258,True,0.076907,2026-06-20T02:30:03.907125+00:00
FKID001125,FKID004806,12.7365,True,0.078294,2026-06-20T02:30:03.907125+00:00
FKID001125,FKID007137,5.1221,True,0.359002,2026-06-20T02:30:03.907125+00:00
FKID001125,FKID005996,8.7074,True,0.175259,2026-06-20T02:30:03.907125+00:00
FKID001125,FKID000968,4.2075,True,0.431063,2026-06-20T02:30:03.907125+00:00
FKID001125,FKID001931,0.7904,True,0.853773,2026-06-20T02:30:03.907125+00:00
FKID001125,FKID001932,0.4649,True,0.911207,2026-06-20T02:30:03.907125+00:00
FKID001125,FKID003103,12.9312,True,0.075303,2026-06-20T02:30:03.907125+00:00
FKID001125,FKID001646,1.1735,True,0.790807,2026-06-20T02:30:03.907125+00:00
FKID001125,FKID004531,8.4843,True,0.183257,2026-06-20T02:30:03.907125+00:00
FKID001125,FKID000164,1.353,True,0.762917,2026-06-20T02:30:03.907125+00:00
FKID001125,FKID005593,9.6262,True,0.145842,2026-06-20T02:30:03.907125+00:00
FKID001125,FKID004694,10.0839,True,0.133082,2026-06-20T02:30:03.907125+00:00
FKID001125,FKID003235,3.2604,True,0.520961,2026-06-20T02:30:03.907125+00:00
FKID001125,FKID005137,21.0907,True,0.014726,2026-06-20T02:30:03.907125+00:00
FKID001125,FKID001489,0.9263,True,0.830892,2026-06-20T02:30:03.907125+00:00
FKID001125,FKID004408,8.9279,True,0.1677,2026-06-20T02:30:03.907125+00:00
FKID001125,FKID004829,7.617,True,0.217968,2026-06-20T02:30:03.907125+00:00
FKID001125,FKID005079,7.0511,True,0.244091,2026-06-20T02:30:03.907125+00:00
FKID001125,FKID001592,8.602,True,0.178994,2026-06-20T02:30:03.907125+00:00
FKID001125,FKID000346,15.8868,True,0.041695,2026-06-20T02:30:03.907125+00:00
FKID001125,FKID004519,8.7811,True,0.172698,2026-06-20T02:30:03.907125+00:00
FKID001125,FKID003897,5.1907,True,0.35411,2026-06-20T02:30:03.907125+00:00
FKID001125,FKID004967,7.02,True,0.245613,2026-06-20T02:30:03.907125+00:00
FKID001125,FKID005194,8.0547,True,0.199699,2026-06-20T02:30:03.907125+00:00
FKID001125,FKID004492,3.8022,True,0.467464,2026-06-20T02:30:03.907125+00:00
FKID001125,FKID005244,16.4223,True,0.03746,2026-06-20T02:30:03.907125+00:00
FKID001125,FKID004401,16.4723,True,0.037088,2026-06-20T02:30:03.907125+00:00
FKID001125,FKID000002,4.7195,True,0.389108,2026-06-20T02:30:03.907125+00:00
FKID006361,FKID004125,12.0696,True,0.089464,2026-06-20T02:30:03.907125+00:00
FKID006361,FKID001693,16.0042,True,0.040728,2026-06-20T02:30:03.907125+00:00
FKID006361,FKID000944,13.6905,True,0.064693,2026-06-20T02:30:03.907125+00:00
FKID006361,FKID000316,10.1066,True,0.132482,2026-06-20T02:30:03.907125+00:00
FKID006361,FKID006514,15.3238,True,0.046665,2026-06-20T02:30:03.907125+00:00
FKID006361,FKID006015,12.1106,True,0.088733,2026-06-20T02:30:03.907125+00:00
FKID006361,FKID000842,14.489,True,0.055144,2026-06-20T02:30:03.907125+00:00
FKID006361,FKID000129,23.269,True,0.009525,2026-06-20T02:30:03.907125+00:00
FKID006361,FKID003911,14.2838,True,0.057455,2026-06-20T02:30:03.907125+00:00
FKID006361,FKID000528,17.0163,True,0.033265,2026-06-20T02:30:03.907125+00:00
FKID006361,FKID000923,14.1444,True,0.059079,2026-06-20T02:30:03.907125+00:00
FKID006361,FKID007189,16.2749,True,0.038582,2026-06-20T02:30:03.907125+00:00
FKID006361,FKID001133,11.0117,True,0.110544,2026-06-20T02:30:03.907125+00:00
FKID006361,FKID004711,23.7322,True,0.008683,2026-06-20T02:30:03.907125+00:00
FKID006361,FKID004806,23.6788,True,0.008776,2026-06-20T02:30:03.907125+00:00
FKID006361,FKID007137,11.6912,True,0.096497,2026-06-20T02:30:03.907125+00:00
FKID006361,FKID005996,15.4591,True,0.045419,2026-06-20T02:30:03.907125+00:00
FKID006361,FKID000968,14.5244,True,0.054756,2026-06-20T02:30:03.907125+00:00
FKID006361,FKID001931,11.448,True,0.101307,2026-06-20T02:30:03.907125+00:00
FKID006361,FKID001932,11.3446,True,0.103423,2026-06-20T02:30:03.907125+00:00
FKID006361,FKID003103,7.0605,True,0.243634,2026-06-20T02:30:03.907125+00:00
FKID006361,FKID001646,9.8533,True,0.139365,2026-06-20T02:30:03.907125+00:00
FKID006361,FKID004531,7.6515,True,0.216473,2026-06-20T02:30:03.907125+00:00
FKID006361,FKID000164,9.6862,True,0.1441,2026-06-20T02:30:03.907125+00:00
FKID006361,FKID005593,20.6268,True,0.016158,2026-06-20T02:30:03.907125+00:00
FKID006361,FKID004694,2.4123,True,0.61726,2026-06-20T02:30:03.907125+00:00
FKID006361,FKID003235,9.3095,True,0.155378,2026-06-20T02:30:03.907125+00:00
FKID006361,FKID005137,21.6914,True,0.013059,2026-06-20T02:30:03.907125+00:00
FKID006361,FKID001489,11.4941,True,0.100377,2026-06-20T02:30:03.907125+00:00
FKID006361,FKID004408,19.1327,True,0.021785,2026-06-20T02:30:03.907125+00:00
FKID006361,FKID004829,17.8172,True,0.028341,2026-06-20T02:30:03.907125+00:00
FKID006361,FKID005079,6.192,True,0.289848,2026-06-20T02:30:03.907125+00:00
FKID006361,FKID001592,16.1847,True,0.039284,2026-06-20T02:30:03.907125+00:00
FKID006361,FKID000346,6.6077,True,0.266726,2026-06-20T02:30:03.907125+00:00
FKID006361,FKID004519,2.3691,True,0.622622,2026-06-20T02:30:03.907125+00:00
FKID006361,FKID003897,15.6617,True,0.043616,2026-06-20T02:30:03.907125+00:00
FKID006361,FKID004967,11.0544,True,0.109604,2026-06-20T02:30:03.907125+00:00
FKID006361,FKID005194,14.725,True,0.052602,2026-06-20T02:30:03.907125+00:00
FKID006361,FKID004492,7.2748,True,0.23341,2026-06-20T02:30:03.907125+00:00
FKID006361,FKID005244,9.5005,True,0.149555,2026-06-20T02:30:03.907125+00:00
FKID006361,FKID004401,9.5942,True,0.146778,2026-06-20T02:30:03.907125+00:00
FKID006361,FKID000002,14.5132,True,0.054878,2026-06-20T02:30:03.907125+00:00
FKID004125,FKID001693,8.4917,True,0.182987,2026-06-20T02:30:03.907125+00:00
FKID004125,FKID000944,2.149,True,0.650643,2026-06-20T02:30:03.907125+00:00
FKID004125,FKID000316,6.6122,True,0.266482,2026-06-20T02:30:03.907125+00:00
FKID004125,FKID006514,3.2966,True,0.517202,2026-06-20T02:30:03.907125+00:00
FKID004125,FKID006015,6.4751,True,0.273891,2026-06-20T02:30:03.907125+00:00
FKID004125,FKID000842,7.0693,True,0.243202,2026-06-20T02:30:03.907125+00:00
FKID004125,FKID000129,13.3045,True,0.069886,2026-06-20T02:30:03.907125+00:00
FKID004125,FKID003911,6.7277,True,0.260399,2026-06-20T02:30:03.907125+00:00
FKID004125,FKID000528,5.0801,True,0.362032,2026-06-20T02:30:03.907125+00:00
FKID004125,FKID000923,2.9528,True,0.55402,2026-06-20T02:30:03.907125+00:00
FKID004125,FKID007189,18.1624,True,0.026451,2026-06-20T02:30:03.907125+00:00
FKID004125,FKID001133,5.9772,True,0.302569,2026-06-20T02:30:03.907125+00:00
FKID004125,FKID004711,15.6023,True,0.044137,2026-06-20T02:30:03.907125+00:00
FKID004125,FKID004806,15.3599,True,0.046329,2026-06-20T02:30:03.907125+00:00
FKID004125,FKID007137,0.8621,True,0.841631,2026-06-20T02:30:03.907125+00:00
FKID004125,FKID005996,3.5064,True,0.495951,2026-06-20T02:30:03.907125+00:00
FKID004125,FKID000968,9.4164,True,0.15209,2026-06-20T02:30:03.907125+00:00
FKID004125,FKID001931,6.7024,True,0.261723,2026-06-20T02:30:03.907125+00:00
FKID004125,FKID001932,6.3545,True,0.280576,2026-06-20T02:30:03.907125+00:00
FKID004125,FKID003103,10.368,True,0.125732,2026-06-20T02:30:03.907125+00:00
FKID004125,FKID001646,5.8875,True,0.308048,2026-06-20T02:30:03.907125+00:00
FKID004125,FKID004531,13.091,True,0.072934,2026-06-20T02:30:03.907125+00:00
FKID004125,FKID000164,5.8104,True,0.312837,2026-06-20T02:30:03.907125+00:00
FKID004125,FKID005593,12.1992,True,0.087175,2026-06-20T02:30:03.907125+00:00
FKID004125,FKID004694,10.0952,True,0.132783,2026-06-20T02:30:03.907125+00:00
FKID004125,FKID003235,8.6234,True,0.178229,2026-06-20T02:30:03.907125+00:00
FKID004125,FKID005137,15.1676,True,0.048146,2026-06-20T02:30:03.907125+00:00
FKID004125,FKID001489,6.8413,True,0.254547,2026-06-20T02:30:03.907125+00:00
FKID004125,FKID004408,13.4703,True,0.067607,2026-06-20T02:30:03.907125+00:00
FKID004125,FKID004829,12.334,True,0.084856,2026-06-20T02:30:03.907125+00:00
FKID004125,FKID005079,11.0813,True,0.109015,2026-06-20T02:30:03.907125+00:00
FKID004125,FKID001592,4.1156,True,0.43906,2026-06-20T02:30:03.907125+00:00
FKID004125,FKID000346,14.47,True,0.055354,2026-06-20T02:30:03.907125+00:00
FKID004125,FKID004519,9.7726,True,0.141632,2026-06-20T02:30:03.907125+00:00
FKID004125,FKID003897,5.8681,True,0.309245,2026-06-20T02:30:03.907125+00:00
FKID004125,FKID004967,12.7358,True,0.078304,2026-06-20T02:30:03.907125+00:00
FKID004125,FKID005194,14.0249,True,0.060507,2026-06-20T02:30:03.907125+00:00
FKID004125,FKID004492,7.2499,True,0.234575,2026-06-20T02:30:03.907125+00:00
FKID004125,FKID005244,13.5028,True,0.067168,2026-06-20T02:30:03.907125+00:00
FKID004125,FKID004401,13.5201,True,0.066936,2026-06-20T02:30:03.907125+00:00
FKID004125,FKID000002,4.2629,True,0.426314,2026-06-20T02:30:03.907125+00:00
FKID001693,FKID000944,6.8415,True,0.254539,2026-06-20T02:30:03.907125+00:00
FKID001693,FKID000316,5.9112,True,0.306589,2026-06-20T02:30:03.907125+00:00
FKID001693,FKID006514,7.9228,True,0.205038,2026-06-20T02:30:03.907125+00:00
FKID001693,FKID006015,3.8945,True,0.458911,2026-06-20T02:30:03.907125+00:00
FKID001693,FKID000842,1.6362,True,0.720916,2026-06-20T02:30:03.907125+00:00
FKID001693,FKID000129,7.6036,True,0.218554,2026-06-20T02:30:03.907125+00:00
FKID001693,FKID003911,1.942,True,0.67814,2026-06-20T02:30:03.907125+00:00
FKID001693,FKID000528,7.7122,True,0.213857,2026-06-20T02:30:03.907125+00:00
FKID001693,FKID000923,6.0823,True,0.296279,2026-06-20T02:30:03.907125+00:00
FKID001693,FKID007189,12.8053,True,0.077222,2026-06-20T02:30:03.907125+00:00
FKID001693,FKID001133,5.0109,True,0.367081,2026-06-20T02:30:03.907125+00:00
FKID001693,FKID004711,7.8617,True,0.20756,2026-06-20T02:30:03.907125+00:00
FKID001693,FKID004806,7.751,True,0.212204,2026-06-20T02:30:03.907125+00:00
FKID001693,FKID007137,7.8372,True,0.20858,2026-06-20T02:30:03.907125+00:00
FKID001693,FKID005996,9.5227,True,0.148893,2026-06-20T02:30:03.907125+00:00
FKID001693,FKID000968,2.7552,True,0.57635,2026-06-20T02:30:03.907125+00:00
FKID001693,FKID001931,4.5712,True,0.400819,2026-06-20T02:30:03.907125+00:00
FKID001693,FKID001932,4.6596,True,0.393793,2026-06-20T02:30:03.907125+00:00
FKID001693,FKID003103,17.528,True,0.030029,2026-06-20T02:30:03.907125+00:00
FKID001693,FKID001646,6.1743,True,0.290875,2026-06-20T02:30:03.907125+00:00
FKID001693,FKID004531,12.3244,True,0.085019,2026-06-20T02:30:03.907125+00:00
FKID001693,FKID000164,6.3525,True,0.28069,2026-06-20T02:30:03.907125+00:00
FKID001693,FKID005593,4.6261,True,0.396444,2026-06-20T02:30:03.907125+00:00
FKID001693,FKID004694,15.0649,True,0.049145,2026-06-20T02:30:03.907125+00:00
FKID001693,FKID003235,7.319,True,0.231353,2026-06-20T02:30:03.907125+00:00
FKID001693,FKID005137,23.1109,True,0.009831,2026-06-20T02:30:03.907125+00:00
FKID001693,FKID001489,4.5409,True,0.403261,2026-06-20T02:30:03.907125+00:00
FKID001693,FKID004408,5.0316,True,0.36556,2026-06-20T02:30:03.907125+00:00
FKID001693,FKID004829,4.0403,True,0.445723,2026-06-20T02:30:03.907125+00:00
FKID001693,FKID005079,11.4436,True,0.101397,2026-06-20T02:30:03.907125+00:00
FKID001693,FKID001592,8.7873,True,0.172484,2026-06-20T02:30:03.907125+00:00
FKID001693,FKID000346,20.7808,True,0.015667,2026-06-20T02:30:03.907125+00:00
FKID001693,FKID004519,13.781,True,0.063532,2026-06-20T02:30:03.907125+00:00
FKID001693,FKID003897,3.3231,True,0.514467,2026-06-20T02:30:03.907125+00:00
FKID001693,FKID004967,9.4552,True,0.150914,2026-06-20T02:30:03.907125+00:00
FKID001693,FKID005194,8.2482,True,0.192121,2026-06-20T02:30:03.907125+00:00
FKID001693,FKID004492,8.7404,True,0.174109,2026-06-20T02:30:03.907125+00:00
FKID001693,FKID005244,20.9723,True,0.015079,2026-06-20T02:30:03.907125+00:00
FKID001693,FKID004401,21.0123,True,0.014959,2026-06-20T02:30:03.907125+00:00
FKID001693,FKID000002,4.5583,True,0.401855,2026-06-20T02:30:03.907125+00:00
FKID000944,FKID000316,6.5457,True,0.270052,2026-06-20T02:30:03.907125+00:00
FKID000944,FKID006514,1.9306,True,0.679693,2026-06-20T02:30:03.907125+00:00
FKID000944,FKID006015,5.7455,True,0.316924,2026-06-20T02:30:03.907125+00:00
FKID000944,FKID000842,5.6244,True,0.324695,2026-06-20T02:30:03.907125+00:00
FKID000944,FKID000129,11.1585,True,0.107346,2026-06-20T02:30:03.907125+00:00
FKID000944,FKID003911,5.2999,True,0.346466,2026-06-20T02:30:03.907125+00:00
FKID000944,FKID000528,3.3552,True,0.511173,2026-06-20T02:30:03.907125+00:00
FKID000944,FKID000923,0.8442,True,0.844646,2026-06-20T02:30:03.907125+00:00
FKID000944,FKID007189,17.7072,True,0.028971,2026-06-20T02:30:03.907125+00:00
FKID000944,FKID001133,5.6309,True,0.324268,2026-06-20T02:30:03.907125+00:00
FKID000944,FKID004711,13.5772,True,0.066176,2026-06-20T02:30:03.907125+00:00
FKID000944,FKID004806,13.3176,True,0.069702,2026-06-20T02:30:03.907125+00:00
FKID000944,FKID007137,2.0773,True,0.66003,2026-06-20T02:30:03.907125+00:00
FKID000944,FKID005996,3.1038,True,0.537534,2026-06-20T02:30:03.907125+00:00
FKID000944,FKID000968,8.2559,True,0.191822,2026-06-20T02:30:03.907125+00:00
FKID000944,FKID001931,6.199,True,0.289443,2026-06-20T02:30:03.907125+00:00
FKID000944,FKID001932,5.8841,True,0.308255,2026-06-20T02:30:03.907125+00:00
FKID000944,FKID003103,12.4969,True,0.082136,2026-06-20T02:30:03.907125+00:00
FKID000944,FKID001646,5.9643,True,0.303351,2026-06-20T02:30:03.907125+00:00
FKID000944,FKID004531,13.6509,True,0.065208,2026-06-20T02:30:03.907125+00:00
FKID000944,FKID000164,5.9565,True,0.303827,2026-06-20T02:30:03.907125+00:00
FKID000944,FKID005593,10.1959,True,0.130135,2026-06-20T02:30:03.907125+00:00
FKID000944,FKID004694,11.8804,True,0.092914,2026-06-20T02:30:03.907125+00:00
FKID000944,FKID003235,8.7243,True,0.17467,2026-06-20T02:30:03.907125+00:00
FKID000944,FKID005137,16.3266,True,0.038185,2026-06-20T02:30:03.907125+00:00
FKID000944,FKID001489,6.3251,True,0.282233,2026-06-20T02:30:03.907125+00:00
FKID000944,FKID004408,11.8731,True,0.093049,2026-06-20T02:30:03.907125+00:00
FKID000944,FKID004829,10.8309,True,0.114614,2026-06-20T02:30:03.907125+00:00
FKID000944,FKID005079,11.8235,True,0.093977,2026-06-20T02:30:03.907125+00:00
FKID000944,FKID001592,3.0198,True,0.546648,2026-06-20T02:30:03.907125+00:00
FKID000944,FKID000346,16.5336,True,0.036636,2026-06-20T02:30:03.907125+00:00
FKID000944,FKID004519,11.3394,True,0.103531,2026-06-20T02:30:03.907125+00:00
FKID000944,FKID003897,3.8872,True,0.459581,2026-06-20T02:30:03.907125+00:00
FKID000944,FKID004967,12.6501,True,0.079658,2026-06-20T02:30:03.907125+00:00
FKID000944,FKID005194,13.3504,True,0.069246,2026-06-20T02:30:03.907125+00:00
FKID000944,FKID004492,7.9735,True,0.202968,2026-06-20T02:30:03.907125+00:00
FKID000944,FKID005244,15.6514,True,0.043705,2026-06-20T02:30:03.907125+00:00
FKID000944,FKID004401,15.6689,True,0.043553,2026-06-20T02:30:03.907125+00:00
FKID000944,FKID000002,2.3309,True,0.627391,2026-06-20T02:30:03.907125+00:00
FKID000316,FKID006514,8.4534,True,0.184396,2026-06-20T02:30:03.907125+00:00
FKID000316,FKID006015,2.0468,True,0.664075,2026-06-20T02:30:03.907125+00:00
FKID000316,FKID000842,4.4683,True,0.409155,2026-06-20T02:30:03.907125+00:00
FKID000316,FKID000129,13.356,True,0.069169,2026-06-20T02:30:03.907125+00:00
FKID000316,FKID003911,4.3181,True,0.42163,2026-06-20T02:30:03.907125+00:00
FKID000316,FKID000528,9.4706,True,0.150451,2026-06-20T02:30:03.907125+00:00
FKID000316,FKID000923,6.4042,True,0.277806,2026-06-20T02:30:03.907125+00:00
FKID000316,FKID007189,11.581,True,0.098647,2026-06-20T02:30:03.907125+00:00
FKID000316,FKID001133,1.1278,True,0.798065,2026-06-20T02:30:03.907125+00:00
FKID000316,FKID004711,13.6416,True,0.065329,2026-06-20T02:30:03.907125+00:00
FKID000316,FKID004806,13.5774,True,0.066173,2026-06-20T02:30:03.907125+00:00
FKID000316,FKID007137,5.7543,True,0.316363,2026-06-20T02:30:03.907125+00:00
FKID000316,FKID005996,9.5668,True,0.147584,2026-06-20T02:30:03.907125+00:00
FKID000316,FKID000968,4.6547,True,0.394181,2026-06-20T02:30:03.907125+00:00
FKID000316,FKID001931,1.3422,True,0.764574,2026-06-20T02:30:03.907125+00:00
FKID000316,FKID001932,1.289,True,0.772748,2026-06-20T02:30:03.907125+00:00
FKID000316,FKID003103,12.5409,True,0.081416,2026-06-20T02:30:03.907125+00:00
FKID000316,FKID001646,0.7829,True,0.85506,2026-06-20T02:30:03.907125+00:00
FKID000316,FKID004531,7.3688,True,0.229062,2026-06-20T02:30:03.907125+00:00
FKID000316,FKID000164,0.9369,True,0.829131,2026-06-20T02:30:03.907125+00:00
FKID000316,FKID005593,10.5248,True,0.121851,2026-06-20T02:30:03.907125+00:00
FKID000316,FKID004694,9.3401,True,0.154428,2026-06-20T02:30:03.907125+00:00
FKID000316,FKID003235,2.1967,True,0.644466,2026-06-20T02:30:03.907125+00:00
FKID000316,FKID005137,21.5499,True,0.013434,2026-06-20T02:30:03.907125+00:00
FKID000316,FKID001489,1.3898,True,0.757323,2026-06-20T02:30:03.907125+00:00
FKID000316,FKID004408,9.4202,True,0.151975,2026-06-20T02:30:03.907125+00:00
FKID000316,FKID004829,8.0901,True,0.198289,2026-06-20T02:30:03.907125+00:00
FKID000316,FKID005079,5.9199,True,0.306058,2026-06-20T02:30:03.907125+00:00
FKID000316,FKID001592,9.5516,True,0.148033,2026-06-20T02:30:03.907125+00:00
FKID000316,FKID000346,15.2458,True,0.047398,2026-06-20T02:30:03.907125+00:00
FKID000316,FKID004519,7.931,True,0.204703,2026-06-20T02:30:03.907125+00:00
FKID000316,FKID003897,6.3232,True,0.282341,2026-06-20T02:30:03.907125+00:00
FKID000316,FKID004967,6.1572,True,0.291871,2026-06-20T02:30:03.907125+00:00
FKID000316,FKID005194,7.6543,True,0.216348,2026-06-20T02:30:03.907125+00:00
FKID000316,FKID004492,2.8328,True,0.567471,2026-06-20T02:30:03.907125+00:00
FKID000316,FKID005244,16.0355,True,0.040474,2026-06-20T02:30:03.907125+00:00
FKID000316,FKID004401,16.091,True,0.040027,2026-06-20T02:30:03.907125+00:00
FKID000316,FKID000002,5.819,True,0.312299,2026-06-20T02:30:03.907125+00:00
FKID006514,FKID006015,7.5083,True,0.22276,2026-06-20T02:30:03.907125+00:00
FKID006514,FKID000842,6.9745,True,0.247858,2026-06-20T02:30:03.907125+00:00
FKID006514,FKID000129,10.8415,True,0.114372,2026-06-20T02:30:03.907125+00:00
FKID006514,FKID003911,6.6823,True,0.262776,2026-06-20T02:30:03.907125+00:00
FKID006514,FKID000528,1.8232,True,0.694443,2026-06-20T02:30:03.907125+00:00
FKID006514,FKID000923,2.1507,True,0.650422,2026-06-20T02:30:03.907125+00:00
FKID006514,FKID007189,19.4534,True,0.020431,2026-06-20T02:30:03.907125+00:00
FKID006514,FKID001133,7.5036,True,0.222969,2026-06-20T02:30:03.907125+00:00
FKID006514,FKID004711,13.8238,True,0.062991,2026-06-20T02:30:03.907125+00:00
FKID006514,FKID004806,13.5172,True,0.066974,2026-06-20T02:30:03.907125+00:00
FKID006514,FKID007137,3.6498,True,0.481924,2026-06-20T02:30:03.907125+00:00
FKID006514,FKID005996,1.613,True,0.724267,2026-06-20T02:30:03.907125+00:00
FKID006514,FKID000968,9.7315,True,0.142803,2026-06-20T02:30:03.907125+00:00
FKID006514,FKID001931,8.0242,True,0.200922,2026-06-20T02:30:03.907125+00:00
FKID006514,FKID001932,7.7241,True,0.213352,2026-06-20T02:30:03.907125+00:00
FKID006514,FKID003103,13.4226,True,0.068254,2026-06-20T02:30:03.907125+00:00
FKID006514,FKID001646,7.8888,True,0.206438,2026-06-20T02:30:03.907125+00:00
FKID006514,FKID004531,15.5806,True,0.044329,2026-06-20T02:30:03.907125+00:00
FKID006514,FKID000164,7.8845,True,0.206613,2026-06-20T02:30:03.907125+00:00
FKID006514,FKID005593,10.5608,True,0.120976,2026-06-20T02:30:03.907125+00:00
FKID006514,FKID004694,13.388,True,0.068728,2026-06-20T02:30:03.907125+00:00
FKID006514,FKID003235,10.6398,True,0.119081,2026-06-20T02:30:03.907125+00:00
FKID006514,FKID005137,15.2594,True,0.04727,2026-06-20T02:30:03.907125+00:00
FKID006514,FKID001489,8.1444,True,0.196151,2026-06-20T02:30:03.907125+00:00
FKID006514,FKID004408,12.8833,True,0.076028,2026-06-20T02:30:03.907125+00:00
FKID006514,FKID004829,11.9627,True,0.091398,2026-06-20T02:30:03.907125+00:00
FKID006514,FKID005079,13.74,True,0.064056,2026-06-20T02:30:03.907125+00:00
FKID006514,FKID001592,1.0987,True,0.802732,2026-06-20T02:30:03.907125+00:00
FKID006514,FKID000346,17.6548,True,0.029277,2026-06-20T02:30:03.907125+00:00
FKID006514,FKID004519,13.0016,True,0.07425,2026-06-20T02:30:03.907125+00:00
FKID006514,FKID003897,4.6482,True,0.394693,2026-06-20T02:30:03.907125+00:00
FKID006514,FKID004967,14.5225,True,0.054776,2026-06-20T02:30:03.907125+00:00
FKID006514,FKID005194,15.0278,True,0.049511,2026-06-20T02:30:03.907125+00:00
FKID006514,FKID004492,9.883,True,0.138539,2026-06-20T02:30:03.907125+00:00
FKID006514,FKID005244,16.3717,True,0.037842,2026-06-20T02:30:03.907125+00:00
FKID006514,FKID004401,16.3781,True,0.037793,2026-06-20T02:30:03.907125+00:00
FKID006514,FKID000002,3.4588,True,0.500696,2026-06-20T02:30:03.907125+00:00
FKID006015,FKID000842,2.4217,True,0.616098,2026-06-20T02:30:03.907125+00:00
FKID006015,FKID000129,11.3107,True,0.104127,2026-06-20T02:30:03.907125+00:00
FKID006015,FKID003911,2.2842,True,0.633287,2026-06-20T02:30:03.907125+00:00
FKID006015,FKID000528,8.1958,True,0.194142,2026-06-20T02:30:03.907125+00:00
FKID006015,FKID000923,5.3599,True,0.34233,2026-06-20T02:30:03.907125+00:00
FKID006015,FKID007189,11.9636,True,0.091382,2026-06-20T02:30:03.907125+00:00
FKID006015,FKID001133,1.1398,True,0.79616,2026-06-20T02:30:03.907125+00:00
FKID006015,FKID004711,11.7008,True,0.096313,2026-06-20T02:30:03.907125+00:00
FKID006015,FKID004806,11.6155,True,0.097969,2026-06-20T02:30:03.907125+00:00
FKID006015,FKID007137,5.6374,True,0.323851,2026-06-20T02:30:03.907125+00:00
FKID006015,FKID005996,8.8485,True,0.170384,2026-06-20T02:30:03.907125+00:00
FKID006015,FKID000968,3.201,True,0.527192,2026-06-20T02:30:03.907125+00:00
FKID006015,FKID001931,0.7709,True,0.857113,2026-06-20T02:30:03.907125+00:00
FKID006015,FKID001932,0.7675,True,0.8577,2026-06-20T02:30:03.907125+00:00
FKID006015,FKID003103,14.0149,True,0.060629,2026-06-20T02:30:03.907125+00:00
FKID006015,FKID001646,2.2926,True,0.63222,2026-06-20T02:30:03.907125+00:00
FKID006015,FKID004531,9.1036,True,0.16191,2026-06-20T02:30:03.907125+00:00
FKID006015,FKID000164,2.4774,True,0.609282,2026-06-20T02:30:03.907125+00:00
FKID006015,FKID005593,8.5199,True,0.181958,2026-06-20T02:30:03.907125+00:00
FKID006015,FKID004694,11.2109,True,0.106228,2026-06-20T02:30:03.907125+00:00
FKID006015,FKID003235,3.8474,True,0.463258,2026-06-20T02:30:03.907125+00:00
FKID006015,FKID005137,21.6427,True,0.013187,2026-06-20T02:30:03.907125+00:00
FKID006015,FKID001489,0.8136,True,0.849824,2026-06-20T02:30:03.907125+00:00
FKID006015,FKID004408,7.8551,True,0.207833,2026-06-20T02:30:03.907125+00:00
FKID006015,FKID004829,6.5573,True,0.269426,2026-06-20T02:30:03.907125+00:00
FKID006015,FKID005079,7.8606,True,0.207603,2026-06-20T02:30:03.907125+00:00
FKID006015,FKID001592,8.588,True,0.179497,2026-06-20T02:30:03.907125+00:00
FKID006015,FKID000346,17.0143,True,0.033278,2026-06-20T02:30:03.907125+00:00
FKID006015,FKID004519,9.8901,True,0.138344,2026-06-20T02:30:03.907125+00:00
FKID006015,FKID003897,4.5171,True,0.405185,2026-06-20T02:30:03.907125+00:00
FKID006015,FKID004967,7.1536,True,0.239134,2026-06-20T02:30:03.907125+00:00
FKID006015,FKID005194,7.6287,True,0.217458,2026-06-20T02:30:03.907125+00:00
FKID006015,FKID004492,4.8556,True,0.378658,2026-06-20T02:30:03.907125+00:00
FKID006015,FKID005244,17.5014,True,0.030189,2026-06-20T02:30:03.907125+00:00
FKID006015,FKID004401,17.5497,True,0.029899,2026-06-20T02:30:03.907125+00:00
FKID006015,FKID000002,4.3839,True,0.416117,2026-06-20T02:30:03.907125+00:00
FKID000842,FKID000129,8.8896,True,0.168988,2026-06-20T02:30:03.907125+00:00
FKID000842,FKID003911,0.3423,True,0.933835,2026-06-20T02:30:03.907125+00:00
FKID000842,FKID000528,7.1176,True,0.240867,2026-06-20T02:30:03.907125+00:00
FKID000842,FKID000923,4.9513,True,0.371483,2026-06-20T02:30:03.907125+00:00
FKID000842,FKID007189,12.8749,True,0.076155,2026-06-20T02:30:03.907125+00:00
FKID000842,FKID001133,3.4789,True,0.498688,2026-06-20T02:30:03.907125+00:00
FKID000842,FKID004711,9.4842,True,0.150041,2026-06-20T02:30:03.907125+00:00
FKID000842,FKID004806,9.3613,True,0.153776,2026-06-20T02:30:03.907125+00:00
FKID000842,FKID007137,6.3608,True,0.280223,2026-06-20T02:30:03.907125+00:00
FKID000842,FKID005996,8.5209,True,0.181922,2026-06-20T02:30:03.907125+00:00
FKID000842,FKID000968,2.7976,True,0.571487,2026-06-20T02:30:03.907125+00:00
FKID000842,FKID001931,3.1642,True,0.531076,2026-06-20T02:30:03.907125+00:00
FKID000842,FKID001932,3.183,True,0.529092,2026-06-20T02:30:03.907125+00:00
FKID000842,FKID003103,15.8939,True,0.041637,2026-06-20T02:30:03.907125+00:00
FKID000842,FKID001646,4.6358,True,0.395675,2026-06-20T02:30:03.907125+00:00
FKID000842,FKID004531,11.3109,True,0.104123,2026-06-20T02:30:03.907125+00:00
FKID000842,FKID000164,4.8051,True,0.382502,2026-06-20T02:30:03.907125+00:00
FKID000842,FKID005593,6.1996,True,0.289409,2026-06-20T02:30:03.907125+00:00
FKID000842,FKID004694,13.4745,True,0.067549,2026-06-20T02:30:03.907125+00:00
FKID000842,FKID003235,6.1314,True,0.293381,2026-06-20T02:30:03.907125+00:00
FKID000842,FKID005137,21.9499,True,0.012401,2026-06-20T02:30:03.907125+00:00
FKID000842,FKID001489,3.1655,True,0.530946,2026-06-20T02:30:03.907125+00:00
FKID000842,FKID004408,6.4107,True,0.277443,2026-06-20T02:30:03.907125+00:00
FKID000842,FKID004829,5.2673,True,0.348731,2026-06-20T02:30:03.907125+00:00
FKID000842,FKID005079,10.2208,True,0.129488,2026-06-20T02:30:03.907125+00:00
FKID000842,FKID001592,7.9432,True,0.204202,2026-06-20T02:30:03.907125+00:00
FKID000842,FKID000346,19.1566,True,0.021681,2026-06-20T02:30:03.907125+00:00
FKID000842,FKID004519,12.2342,True,0.086567,2026-06-20T02:30:03.907125+00:00
FKID000842,FKID003897,2.7949,True,0.571796,2026-06-20T02:30:03.907125+00:00
FKID000842,FKID004967,8.8467,True,0.170445,2026-06-20T02:30:03.907125+00:00
FKID000842,FKID005194,8.3258,True,0.189159,2026-06-20T02:30:03.907125+00:00
FKID000842,FKID004492,7.2621,True,0.234005,2026-06-20T02:30:03.907125+00:00
FKID000842,FKID005244,19.3416,True,0.020893,2026-06-20T02:30:03.907125+00:00
FKID000842,FKID004401,19.3823,True,0.020724,2026-06-20T02:30:03.907125+00:00
FKID000842,FKID000002,3.5157,True,0.495024,2026-06-20T02:30:03.907125+00:00
FKID000129,FKID003911,9.0446,True,0.16383,2026-06-20T02:30:03.907125+00:00
FKID000129,FKID000528,9.3502,True,0.154118,2026-06-20T02:30:03.907125+00:00
FKID000129,FKID000923,10.3572,True,0.126004,2026-06-20T02:30:03.907125+00:00
FKID000129,FKID007189,18.8354,True,0.023119,2026-06-20T02:30:03.907125+00:00
FKID000129,FKID001133,12.3309,True,0.084908,2026-06-20T02:30:03.907125+00:00
FKID000129,FKID004711,4.4929,True,0.407145,2026-06-20T02:30:03.907125+00:00
FKID000129,FKID004806,4.0569,True,0.444243,2026-06-20T02:30:03.907125+00:00
FKID000129,FKID007137,13.0467,True,0.073583,2026-06-20T02:30:03.907125+00:00
FKID000129,FKID005996,12.176,True,0.08758,2026-06-20T02:30:03.907125+00:00
FKID000129,FKID000968,10.0384,True,0.1343,2026-06-20T02:30:03.907125+00:00
FKID000129,FKID001931,12.0511,True,0.089795,2026-06-20T02:30:03.907125+00:00
FKID000129,FKID001932,12.0681,True,0.08949,2026-06-20T02:30:03.907125+00:00
FKID000129,FKID003103,23.5573,True,0.008992,2026-06-20T02:30:03.907125+00:00
FKID000129,FKID001646,13.4619,True,0.067719,2026-06-20T02:30:03.907125+00:00
FKID000129,FKID004531,19.8947,True,0.018705,2026-06-20T02:30:03.907125+00:00
FKID000129,FKID000164,13.6159,True,0.065666,2026-06-20T02:30:03.907125+00:00
FKID000129,FKID005593,3.8255,True,0.465288,2026-06-20T02:30:03.907125+00:00
FKID000129,FKID004694,22.025,True,0.012216,2026-06-20T02:30:03.907125+00:00
FKID000129,FKID003235,14.9176,True,0.050615,2026-06-20T02:30:03.907125+00:00
FKID000129,FKID005137,24.926,True,0.006838,2026-06-20T02:30:03.907125+00:00
FKID000129,FKID001489,12.0451,True,0.089904,2026-06-20T02:30:03.907125+00:00
FKID000129,FKID004408,8.2881,True,0.190593,2026-06-20T02:30:03.907125+00:00
FKID000129,FKID004829,8.6386,True,0.17769,2026-06-20T02:30:03.907125+00:00
FKID000129,FKID005079,19.0409,True,0.022189,2026-06-20T02:30:03.907125+00:00
FKID000129,FKID001592,10.9916,True,0.110989,2026-06-20T02:30:03.907125+00:00
FKID000129,FKID000346,27.3479,True,0.004213,2026-06-20T02:30:03.907125+00:00
FKID000129,FKID004519,20.9577,True,0.015123,2026-06-20T02:30:03.907125+00:00
FKID000129,FKID003897,7.8107,True,0.209688,2026-06-20T02:30:03.907125+00:00
FKID000129,FKID004967,16.7595,True,0.035018,2026-06-20T02:30:03.907125+00:00
FKID000129,FKID005194,14.6368,True,0.053538,2026-06-20T02:30:03.907125+00:00
FKID000129,FKID004492,16.1237,True,0.039766,2026-06-20T02:30:03.907125+00:00
FKID000129,FKID005244,26.7918,True,0.004709,2026-06-20T02:30:03.907125+00:00
FKID000129,FKID004401,26.8121,True,0.00469,2026-06-20T02:30:03.907125+00:00
FKID000129,FKID000002,9.2782,True,0.156352,2026-06-20T02:30:03.907125+00:00
FKID003911,FKID000528,6.8818,True,0.252496,2026-06-20T02:30:03.907125+00:00
FKID003911,FKID000923,4.6394,True,0.395389,2026-06-20T02:30:03.907125+00:00
FKID003911,FKID007189,13.0759,True,0.073155,2026-06-20T02:30:03.907125+00:00
FKID003911,FKID001133,3.2899,True,0.517892,2026-06-20T02:30:03.907125+00:00
FKID003911,FKID004711,9.7633,True,0.141897,2026-06-20T02:30:03.907125+00:00
FKID003911,FKID004806,9.6314,True,0.145689,2026-06-20T02:30:03.907125+00:00
FKID003911,FKID007137,6.0186,True,0.300076,2026-06-20T02:30:03.907125+00:00
FKID003911,FKID005996,8.218,True,0.193282,2026-06-20T02:30:03.907125+00:00
FKID003911,FKID000968,3.0598,True,0.542288,2026-06-20T02:30:03.907125+00:00
FKID003911,FKID001931,3.0459,True,0.543801,2026-06-20T02:30:03.907125+00:00
FKID003911,FKID001932,3.0292,True,0.54562,2026-06-20T02:30:03.907125+00:00
FKID003911,FKID003103,15.5877,True,0.044266,2026-06-20T02:30:03.907125+00:00
FKID003911,FKID001646,4.435,True,0.411888,2026-06-20T02:30:03.907125+00:00
FKID003911,FKID004531,11.2812,True,0.104743,2026-06-20T02:30:03.907125+00:00
FKID003911,FKID000164,4.5982,True,0.398664,2026-06-20T02:30:03.907125+00:00
FKID003911,FKID005593,6.4544,True,0.275031,2026-06-20T02:30:03.907125+00:00
FKID003911,FKID004694,13.2289,True,0.07095,2026-06-20T02:30:03.907125+00:00
FKID003911,FKID003235,6.068,True,0.297127,2026-06-20T02:30:03.907125+00:00
FKID003911,FKID005137,21.6229,True,0.013239,2026-06-20T02:30:03.907125+00:00
FKID003911,FKID001489,3.0617,True,0.542086,2026-06-20T02:30:03.907125+00:00
FKID003911,FKID004408,6.7529,True,0.259088,2026-06-20T02:30:03.907125+00:00
FKID003911,FKID004829,5.6079,True,0.325767,2026-06-20T02:30:03.907125+00:00
FKID003911,FKID005079,10.131,True,0.131835,2026-06-20T02:30:03.907125+00:00
FKID003911,FKID001592,7.664,True,0.215928,2026-06-20T02:30:03.907125+00:00
FKID003911,FKID000346,18.8825,True,0.022903,2026-06-20T02:30:03.907125+00:00
FKID003911,FKID004519,12.0147,True,0.090452,2026-06-20T02:30:03.907125+00:00
FKID003911,FKID003897,2.6256,True,0.591481,2026-06-20T02:30:03.907125+00:00
FKID003911,FKID004967,8.9257,True,0.167775,2026-06-20T02:30:03.907125+00:00
FKID003911,FKID005194,8.5391,True,0.181262,2026-06-20T02:30:03.907125+00:00
FKID003911,FKID004492,7.0828,True,0.242545,2026-06-20T02:30:03.907125+00:00
FKID003911,FKID005244,19.0304,True,0.022235,2026-06-20T02:30:03.907125+00:00
FKID003911,FKID004401,19.0703,True,0.022058,2026-06-20T02:30:03.907125+00:00
FKID003911,FKID000002,3.2265,True,0.5245,2026-06-20T02:30:03.907125+00:00
FKID000528,FKID000923,3.1299,True,0.534736,2026-06-20T02:30:03.907125+00:00
FKID000528,FKID007189,19.9333,True,0.018561,2026-06-20T02:30:03.907125+00:00
FKID000528,FKID001133,8.4259,True,0.185411,2026-06-20T02:30:03.907125+00:00
FKID000528,FKID004711,12.677,True,0.07923,2026-06-20T02:30:03.907125+00:00
FKID000528,FKID004806,12.3388,True,0.084775,2026-06-20T02:30:03.907125+00:00
FKID000528,FKID007137,5.3295,True,0.344416,2026-06-20T02:30:03.907125+00:00
FKID000528,FKID005996,2.8387,True,0.566804,2026-06-20T02:30:03.907125+00:00
FKID000528,FKID000968,9.9119,True,0.137742,2026-06-20T02:30:03.907125+00:00
FKID000528,FKID001931,8.8177,True,0.171436,2026-06-20T02:30:03.907125+00:00
FKID000528,FKID001932,8.5589,True,0.180545,2026-06-20T02:30:03.907125+00:00
FKID000528,FKID003103,15.2412,True,0.047443,2026-06-20T02:30:03.907125+00:00
FKID000528,FKID001646,9.0061,True,0.165096,2026-06-20T02:30:03.907125+00:00
FKID000528,FKID004531,16.7712,True,0.034936,2026-06-20T02:30:03.907125+00:00
FKID000528,FKID000164,9.0349,True,0.164148,2026-06-20T02:30:03.907125+00:00
FKID000528,FKID005593,9.5689,True,0.147523,2026-06-20T02:30:03.907125+00:00
FKID000528,FKID004694,15.1384,True,0.048428,2026-06-20T02:30:03.907125+00:00
FKID000528,FKID003235,11.6639,True,0.097025,2026-06-20T02:30:03.907125+00:00
FKID000528,FKID005137,16.052,True,0.040341,2026-06-20T02:30:03.907125+00:00
FKID000528,FKID001489,8.9217,True,0.167909,2026-06-20T02:30:03.907125+00:00
FKID000528,FKID004408,12.4406,True,0.083066,2026-06-20T02:30:03.907125+00:00
FKID000528,FKID004829,11.6701,True,0.096906,2026-06-20T02:30:03.907125+00:00
FKID000528,FKID005079,15.0452,True,0.049339,2026-06-20T02:30:03.907125+00:00
FKID000528,FKID001592,1.642,True,0.720068,2026-06-20T02:30:03.907125+00:00
FKID000528,FKID000346,19.4775,True,0.020333,2026-06-20T02:30:03.907125+00:00
FKID000528,FKID004519,14.6746,True,0.053135,2026-06-20T02:30:03.907125+00:00
FKID000528,FKID003897,4.4191,True,0.413205,2026-06-20T02:30:03.907125+00:00
FKID000528,FKID004967,15.3425,True,0.046491,2026-06-20T02:30:03.907125+00:00
FKID000528,FKID005194,15.4154,True,0.045818,2026-06-20T02:30:03.907125+00:00
FKID000528,FKID004492,11.2324,True,0.10577,2026-06-20T02:30:03.907125+00:00
FKID000528,FKID005244,18.1613,True,0.026456,2026-06-20T02:30:03.907125+00:00
FKID000528,FKID004401,18.1657,True,0.026433,2026-06-20T02:30:03.907125+00:00
FKID000528,FKID000002,3.8208,True,0.465721,2026-06-20T02:30:03.907125+00:00
FKID000923,FKID007189,17.303,True,0.031411,2026-06-20T02:30:03.907125+00:00
FKID000923,FKID001133,5.4073,True,0.339098,2026-06-20T02:30:03.907125+00:00
FKID000923,FKID004711,12.733,True,0.078348,2026-06-20T02:30:03.907125+00:00
FKID000923,FKID004806,12.4737,True,0.082517,2026-06-20T02:30:03.907125+00:00
FKID000923,FKID007137,2.7446,True,0.577571,2026-06-20T02:30:03.907125+00:00
FKID000923,FKID005996,3.5943,True,0.487311,2026-06-20T02:30:03.907125+00:00
FKID000923,FKID000968,7.6541,True,0.216358,2026-06-20T02:30:03.907125+00:00
FKID000923,FKID001931,5.8921,True,0.307765,2026-06-20T02:30:03.907125+00:00
FKID000923,FKID001932,5.6006,True,0.326238,2026-06-20T02:30:03.907125+00:00
FKID000923,FKID003103,13.2475,True,0.070686,2026-06-20T02:30:03.907125+00:00
FKID000923,FKID001646,5.8988,True,0.307352,2026-06-20T02:30:03.907125+00:00
FKID000923,FKID004531,13.6555,True,0.065147,2026-06-20T02:30:03.907125+00:00
FKID000923,FKID000164,5.9187,True,0.30613,2026-06-20T02:30:03.907125+00:00
FKID000923,FKID005593,9.3525,True,0.154047,2026-06-20T02:30:03.907125+00:00
FKID000923,FKID004694,12.4204,True,0.083403,2026-06-20T02:30:03.907125+00:00
FKID000923,FKID003235,8.6005,True,0.179048,2026-06-20T02:30:03.907125+00:00
FKID000923,FKID005137,17.0395,True,0.03311,2026-06-20T02:30:03.907125+00:00
FKID000923,FKID001489,6.0093,True,0.300632,2026-06-20T02:30:03.907125+00:00
FKID000923,FKID004408,11.1098,True,0.108397,2026-06-20T02:30:03.907125+00:00
FKID000923,FKID004829,10.0977,True,0.132716,2026-06-20T02:30:03.907125+00:00
FKID000923,FKID005079,11.9153,True,0.092267,2026-06-20T02:30:03.907125+00:00
FKID000923,FKID001592,3.2288,True,0.524267,2026-06-20T02:30:03.907125+00:00
FKID000923,FKID000346,17.223,True,0.031917,2026-06-20T02:30:03.907125+00:00
FKID000923,FKID004519,11.7806,True,0.094787,2026-06-20T02:30:03.907125+00:00
FKID000923,FKID003897,3.0519,True,0.543144,2026-06-20T02:30:03.907125+00:00
FKID000923,FKID004967,12.4097,True,0.083582,2026-06-20T02:30:03.907125+00:00
FKID000923,FKID005194,12.8857,True,0.075991,2026-06-20T02:30:03.907125+00:00
FKID000923,FKID004492,8.108,True,0.197583,2026-06-20T02:30:03.907125+00:00
FKID000923,FKID005244,16.4376,True,0.037347,2026-06-20T02:30:03.907125+00:00
FKID000923,FKID004401,16.4569,True,0.037202,2026-06-20T02:30:03.907125+00:00
FKID000923,FKID000002,1.5305,True,0.736315,2026-06-20T02:30:03.907125+00:00
FKID007189,FKID001133,12.2078,True,0.087025,2026-06-20T02:30:03.907125+00:00
FKID007189,FKID004711,16.0771,True,0.040138,2026-06-20T02:30:03.907125+00:00
FKID007189,FKID004806,16.3354,True,0.038118,2026-06-20T02:30:03.907125+00:00
FKID007189,FKID007137,17.3004,True,0.031427,2026-06-20T02:30:03.907125+00:00
FKID007189,FKID005996,20.811,True,0.015573,2026-06-20T02:30:03.907125+00:00
FKID007189,FKID000968,10.1613,True,0.131039,2026-06-20T02:30:03.907125+00:00
FKID007189,FKID001931,11.5418,True,0.099424,2026-06-20T02:30:03.907125+00:00
FKID007189,FKID001932,11.8757,True,0.093002,2026-06-20T02:30:03.907125+00:00
FKID007189,FKID003103,21.9759,True,0.012337,2026-06-20T02:30:03.907125+00:00
FKID007189,FKID001646,12.3422,True,0.084716,2026-06-20T02:30:03.907125+00:00
FKID007189,FKID004531,8.6291,True,0.178027,2026-06-20T02:30:03.907125+00:00
FKID007189,FKID000164,12.4544,True,0.082837,2026-06-20T02:30:03.907125+00:00
FKID007189,FKID005593,15.0108,True,0.049679,2026-06-20T02:30:03.907125+00:00
FKID007189,FKID004694,17.2413,True,0.031801,2026-06-20T02:30:03.907125+00:00
FKID007189,FKID003235,9.8427,True,0.139661,2026-06-20T02:30:03.907125+00:00
FKID007189,FKID005137,33.0935,True,0.001335,2026-06-20T02:30:03.907125+00:00
FKID007189,FKID001489,11.4092,True,0.102097,2026-06-20T02:30:03.907125+00:00
FKID007189,FKID004408,10.6515,True,0.118802,2026-06-20T02:30:03.907125+00:00
FKID007189,FKID004829,10.2056,True,0.129884,2026-06-20T02:30:03.907125+00:00
FKID007189,FKID005079,10.3108,True,0.127179,2026-06-20T02:30:03.907125+00:00
FKID007189,FKID001592,20.5186,True,0.016511,2026-06-20T02:30:03.907125+00:00
FKID007189,FKID000346,22.8672,True,0.010322,2026-06-20T02:30:03.907125+00:00
FKID007189,FKID004519,15.4408,True,0.045586,2026-06-20T02:30:03.907125+00:00
FKID007189,FKID003897,15.6674,True,0.043566,2026-06-20T02:30:03.907125+00:00
FKID007189,FKID004967,5.8695,True,0.309158,2026-06-20T02:30:03.907125+00:00
FKID007189,FKID005194,4.5678,True,0.401095,2026-06-20T02:30:03.907125+00:00
FKID007189,FKID004492,12.1924,True,0.087294,2026-06-20T02:30:03.907125+00:00
FKID007189,FKID005244,25.1903,True,0.006486,2026-06-20T02:30:03.907125+00:00
FKID007189,FKID004401,25.271,True,0.006383,2026-06-20T02:30:03.907125+00:00
FKID007189,FKID000002,16.1531,True,0.039533,2026-06-20T02:30:03.907125+00:00
FKID001133,FKID004711,12.8361,True,0.076749,2026-06-20T02:30:03.907125+00:00
FKID001133,FKID004806,12.7466,True,0.078134,2026-06-20T02:30:03.907125+00:00
FKID001133,FKID007137,5.1168,True,0.359387,2026-06-20T02:30:03.907125+00:00
FKID001133,FKID005996,8.7052,True,0.175338,2026-06-20T02:30:03.907125+00:00
FKID001133,FKID000968,4.2178,True,0.43018,2026-06-20T02:30:03.907125+00:00
FKID001133,FKID001931,0.7992,True,0.852276,2026-06-20T02:30:03.907125+00:00
FKID001133,FKID001932,0.4748,True,0.909417,2026-06-20T02:30:03.907125+00:00
FKID001133,FKID003103,12.9207,True,0.07546,2026-06-20T02:30:03.907125+00:00
FKID001133,FKID001646,1.1636,True,0.792383,2026-06-20T02:30:03.907125+00:00
FKID001133,FKID004531,8.4805,True,0.183398,2026-06-20T02:30:03.907125+00:00
FKID001133,FKID000164,1.3429,True,0.764468,2026-06-20T02:30:03.907125+00:00
FKID001133,FKID005593,9.6361,True,0.145552,2026-06-20T02:30:03.907125+00:00
FKID001133,FKID004694,10.0736,True,0.133357,2026-06-20T02:30:03.907125+00:00
FKID001133,FKID003235,3.2578,True,0.521232,2026-06-20T02:30:03.907125+00:00
FKID001133,FKID005137,21.0843,True,0.014745,2026-06-20T02:30:03.907125+00:00
FKID001133,FKID001489,0.9348,True,0.829476,2026-06-20T02:30:03.907125+00:00
FKID001133,FKID004408,8.9384,True,0.167349,2026-06-20T02:30:03.907125+00:00
FKID001133,FKID004829,7.6275,True,0.217514,2026-06-20T02:30:03.907125+00:00
FKID001133,FKID005079,7.0452,True,0.244378,2026-06-20T02:30:03.907125+00:00
FKID001133,FKID001592,8.6012,True,0.179023,2026-06-20T02:30:03.907125+00:00
FKID001133,FKID000346,15.8763,True,0.041783,2026-06-20T02:30:03.907125+00:00
FKID001133,FKID004519,8.7712,True,0.17304,2026-06-20T02:30:03.907125+00:00
FKID001133,FKID003897,5.1965,True,0.353703,2026-06-20T02:30:03.907125+00:00
FKID001133,FKID004967,7.0212,True,0.245553,2026-06-20T02:30:03.907125+00:00
FKID001133,FKID005194,8.0608,True,0.199458,2026-06-20T02:30:03.907125+00:00
FKID001133,FKID004492,3.7933,True,0.468295,2026-06-20T02:30:03.907125+00:00
FKID001133,FKID005244,16.4119,True,0.037539,2026-06-20T02:30:03.907125+00:00
FKID001133,FKID004401,16.4619,True,0.037165,2026-06-20T02:30:03.907125+00:00
FKID001133,FKID000002,4.7223,True,0.388893,2026-06-20T02:30:03.907125+00:00
FKID004711,FKID004806,0.4371,True,0.916297,2026-06-20T02:30:03.907125+00:00
FKID004711,FKID007137,15.1297,True,0.048512,2026-06-20T02:30:03.907125+00:00
FKID004711,FKID005996,15.3431,True,0.046486,2026-06-20T02:30:03.907125+00:00
FKID004711,FKID000968,9.3224,True,0.154977,2026-06-20T02:30:03.907125+00:00
FKID004711,FKID001931,12.3083,True,0.085293,2026-06-20T02:30:03.907125+00:00
FKID004711,FKID001932,12.4503,True,0.082905,2026-06-20T02:30:03.907125+00:00
FKID004711,FKID003103,25.2926,True,0.006355,2026-06-20T02:30:03.907125+00:00
FKID004711,FKID001646,13.9933,True,0.060891,2026-06-20T02:30:03.907125+00:00
FKID004711,FKID004531,18.9985,True,0.022377,2026-06-20T02:30:03.907125+00:00
FKID004711,FKID000164,14.1777,True,0.058687,2026-06-20T02:30:03.907125+00:00
FKID004711,FKID005593,3.4139,True,0.505209,2026-06-20T02:30:03.907125+00:00
FKID004711,FKID004694,22.9092,True,0.010236,2026-06-20T02:30:03.907125+00:00
FKID004711,FKID003235,14.6389,True,0.053516,2026-06-20T02:30:03.907125+00:00
FKID004711,FKID005137,28.6745,True,0.003231,2026-06-20T02:30:03.907125+00:00
FKID004711,FKID001489,12.2519,True,0.086261,2026-06-20T02:30:03.907125+00:00
FKID004711,FKID004408,5.6187,True,0.325062,2026-06-20T02:30:03.907125+00:00
FKID004711,FKID004829,6.5786,True,0.268282,2026-06-20T02:30:03.907125+00:00
FKID004711,FKID005079,18.64,True,0.024041,2026-06-20T02:30:03.907125+00:00
FKID004711,FKID001592,14.2504,True,0.05784,2026-06-20T02:30:03.907125+00:00
FKID004711,FKID000346,28.6406,True,0.003253,2026-06-20T02:30:03.907125+00:00
FKID004711,FKID004519,21.5702,True,0.013379,2026-06-20T02:30:03.907125+00:00
FKID004711,FKID003897,9.7342,True,0.142724,2026-06-20T02:30:03.907125+00:00
FKID004711,FKID004967,15.3533,True,0.046391,2026-06-20T02:30:03.907125+00:00
FKID004711,FKID005194,12.4401,True,0.083074,2026-06-20T02:30:03.907125+00:00
FKID004711,FKID004492,16.4633,True,0.037155,2026-06-20T02:30:03.907125+00:00
FKID004711,FKID005244,28.6954,True,0.003218,2026-06-20T02:30:03.907125+00:00
FKID004711,FKID004401,28.7298,True,0.003196,2026-06-20T02:30:03.907125+00:00
FKID004711,FKID000002,11.3396,True,0.103527,2026-06-20T02:30:03.907125+00:00
FKID004806,FKID007137,14.905,True,0.050742,2026-06-20T02:30:03.907125+00:00
FKID004806,FKID005996,15.0247,True,0.049542,2026-06-20T02:30:03.907125+00:00
FKID004806,FKID000968,9.3286,True,0.154784,2026-06-20T02:30:03.907125+00:00
FKID004806,FKID001931,12.2398,True,0.086471,2026-06-20T02:30:03.907125+00:00
FKID004806,FKID001932,12.3705,True,0.084239,2026-06-20T02:30:03.907125+00:00
FKID004806,FKID003103,25.1202,True,0.006578,2026-06-20T02:30:03.907125+00:00
FKID004806,FKID001646,13.9072,True,0.06195,2026-06-20T02:30:03.907125+00:00
FKID004806,FKID004531,19.0698,True,0.022061,2026-06-20T02:30:03.907125+00:00
FKID004806,FKID000164,14.0894,True,0.059732,2026-06-20T02:30:03.907125+00:00
FKID004806,FKID005593,3.2155,True,0.525657,2026-06-20T02:30:03.907125+00:00
FKID004806,FKID004694,22.814,True,0.010433,2026-06-20T02:30:03.907125+00:00
FKID004806,FKID003235,14.6347,True,0.053561,2026-06-20T02:30:03.907125+00:00
FKID004806,FKID005137,28.3162,True,0.003471,2026-06-20T02:30:03.907125+00:00
FKID004806,FKID001489,12.1879,True,0.087372,2026-06-20T02:30:03.907125+00:00
FKID004806,FKID004408,5.8062,True,0.313098,2026-06-20T02:30:03.907125+00:00
FKID004806,FKID004829,6.7028,True,0.261701,2026-06-20T02:30:03.907125+00:00
FKID004806,FKID005079,18.6609,True,0.023941,2026-06-20T02:30:03.907125+00:00
FKID004806,FKID001592,13.9218,True,0.061769,2026-06-20T02:30:03.907125+00:00
FKID004806,FKID000346,28.5139,True,0.003337,2026-06-20T02:30:03.907125+00:00
FKID004806,FKID004519,21.4987,True,0.013572,2026-06-20T02:30:03.907125+00:00
FKID004806,FKID003897,9.495,True,0.149717,2026-06-20T02:30:03.907125+00:00
FKID004806,FKID004967,15.4665,True,0.045352,2026-06-20T02:30:03.907125+00:00
FKID004806,FKID005194,12.6269,True,0.080029,2026-06-20T02:30:03.907125+00:00
FKID004806,FKID004492,16.4052,True,0.037589,2026-06-20T02:30:03.907125+00:00
FKID004806,FKID005244,28.5107,True,0.003339,2026-06-20T02:30:03.907125+00:00
FKID004806,FKID004401,28.5438,True,0.003317,2026-06-20T02:30:03.907125+00:00
FKID004806,FKID000002,11.1001,True,0.108607,2026-06-20T02:30:03.907125+00:00
FKID007137,FKID005996,4.1584,True,0.435321,2026-06-20T02:30:03.907125+00:00
FKID007137,FKID000968,8.6231,True,0.178242,2026-06-20T02:30:03.907125+00:00
FKID007137,FKID001931,5.8462,True,0.3106,2026-06-20T02:30:03.907125+00:00
FKID007137,FKID001932,5.4978,True,0.333016,2026-06-20T02:30:03.907125+00:00
FKID007137,FKID003103,10.5195,True,0.121981,2026-06-20T02:30:03.907125+00:00
FKID007137,FKID001646,5.0352,True,0.3653,2026-06-20T02:30:03.907125+00:00
FKID007137,FKID004531,12.3291,True,0.084939,2026-06-20T02:30:03.907125+00:00
FKID007137,FKID000164,4.9628,True,0.370624,2026-06-20T02:30:03.907125+00:00
FKID007137,FKID005593,11.717,True,0.096,2026-06-20T02:30:03.907125+00:00
FKID007137,FKID004694,9.8238,True,0.140189,2026-06-20T02:30:03.907125+00:00
FKID007137,FKID003235,7.7821,True,0.210889,2026-06-20T02:30:03.907125+00:00
FKID007137,FKID005137,16.0092,True,0.040688,2026-06-20T02:30:03.907125+00:00
FKID007137,FKID001489,5.9855,True,0.302068,2026-06-20T02:30:03.907125+00:00
FKID007137,FKID004408,12.7715,True,0.077746,2026-06-20T02:30:03.907125+00:00
FKID007137,FKID004829,11.6091,True,0.098094,2026-06-20T02:30:03.907125+00:00
FKID007137,FKID005079,10.3558,True,0.126039,2026-06-20T02:30:03.907125+00:00
FKID007137,FKID001592,4.5949,True,0.398923,2026-06-20T02:30:03.907125+00:00
FKID007137,FKID000346,14.4814,True,0.055229,2026-06-20T02:30:03.907125+00:00
FKID007137,FKID004519,9.3585,True,0.153861,2026-06-20T02:30:03.907125+00:00
FKID007137,FKID003897,5.4236,True,0.337994,2026-06-20T02:30:03.907125+00:00
FKID007137,FKID004967,11.8858,True,0.092814,2026-06-20T02:30:03.907125+00:00
FKID007137,FKID005194,13.1681,True,0.071818,2026-06-20T02:30:03.907125+00:00
FKID007137,FKID004492,6.5033,True,0.272353,2026-06-20T02:30:03.907125+00:00
FKID007137,FKID005244,13.7551,True,0.063862,2026-06-20T02:30:03.907125+00:00
FKID007137,FKID004401,13.7783,True,0.063567,2026-06-20T02:30:03.907125+00:00
FKID007137,FKID000002,3.8331,True,0.464584,2026-06-20T02:30:03.907125+00:00
FKID005996,FKID000968,11.2467,True,0.105468,2026-06-20T02:30:03.907125+00:00
FKID005996,FKID001931,9.2967,True,0.155775,2026-06-20T02:30:03.907125+00:00
FKID005996,FKID001932,8.9773,True,0.16605,2026-06-20T02:30:03.907125+00:00
FKID005996,FKID003103,12.8081,True,0.077179,2026-06-20T02:30:03.907125+00:00
FKID005996,FKID001646,8.9329,True,0.167531,2026-06-20T02:30:03.907125+00:00
FKID005996,FKID004531,16.4572,True,0.0372,2026-06-20T02:30:03.907125+00:00
FKID005996,FKID000164,8.8999,True,0.168642,2026-06-20T02:30:03.907125+00:00
FKID005996,FKID005593,12.1197,True,0.088571,2026-06-20T02:30:03.907125+00:00
FKID005996,FKID004694,13.3741,True,0.068919,2026-06-20T02:30:03.907125+00:00
FKID005996,FKID003235,11.7129,True,0.09608,2026-06-20T02:30:03.907125+00:00
FKID005996,FKID005137,13.647,True,0.065258,2026-06-20T02:30:03.907125+00:00
FKID005996,FKID001489,9.4243,True,0.151852,2026-06-20T02:30:03.907125+00:00
FKID005996,FKID004408,14.494,True,0.05509,2026-06-20T02:30:03.907125+00:00
FKID005996,FKID004829,13.5629,True,0.066366,2026-06-20T02:30:03.907125+00:00
FKID005996,FKID005079,14.5105,True,0.054908,2026-06-20T02:30:03.907125+00:00
FKID005996,FKID001592,1.2087,True,0.785256,2026-06-20T02:30:03.907125+00:00
FKID005996,FKID000346,17.1741,True,0.032231,2026-06-20T02:30:03.907125+00:00
FKID005996,FKID004519,13.2046,True,0.071296,2026-06-20T02:30:03.907125+00:00
FKID005996,FKID003897,6.2599,True,0.285938,2026-06-20T02:30:03.907125+00:00
FKID005996,FKID004967,15.7079,True,0.043214,2026-06-20T02:30:03.907125+00:00
FKID005996,FKID005194,16.4425,True,0.03731,2026-06-20T02:30:03.907125+00:00
FKID005996,FKID004492,10.6521,True,0.118787,2026-06-20T02:30:03.907125+00:00
FKID005996,FKID005244,15.5554,True,0.044553,2026-06-20T02:30:03.907125+00:00
FKID005996,FKID004401,15.5531,True,0.044573,2026-06-20T02:30:03.907125+00:00
FKID005996,FKID000002,5.0169,True,0.366641,2026-06-20T02:30:03.907125+00:00
FKID000968,FKID001931,3.4739,True,0.499186,2026-06-20T02:30:03.907125+00:00
FKID000968,FKID001932,3.7471,True,0.472644,2026-06-20T02:30:03.907125+00:00
FKID000968,FKID003103,17.1201,True,0.032581,2026-06-20T02:30:03.907125+00:00
FKID000968,FKID001646,5.2213,True,0.35195,2026-06-20T02:30:03.907125+00:00
FKID000968,FKID004531,9.9117,True,0.137745,2026-06-20T02:30:03.907125+00:00
FKID000968,FKID000164,5.4168,True,0.338459,2026-06-20T02:30:03.907125+00:00
FKID000968,FKID005593,6.5819,True,0.268107,2026-06-20T02:30:03.907125+00:00
FKID000968,FKID004694,13.9597,True,0.061302,2026-06-20T02:30:03.907125+00:00
FKID000968,FKID003235,5.3196,True,0.345102,2026-06-20T02:30:03.907125+00:00
FKID000968,FKID005137,24.5109,True,0.00743,2026-06-20T02:30:03.907125+00:00
FKID000968,FKID001489,3.3672,True,0.509956,2026-06-20T02:30:03.907125+00:00
FKID000968,FKID004408,4.7667,True,0.385452,2026-06-20T02:30:03.907125+00:00
FKID000968,FKID004829,3.4389,True,0.502689,2026-06-20T02:30:03.907125+00:00
FKID000968,FKID005079,9.3367,True,0.154534,2026-06-20T02:30:03.907125+00:00
FKID000968,FKID001592,10.7227,True,0.117121,2026-06-20T02:30:03.907125+00:00
FKID000968,FKID000346,19.8961,True,0.0187,2026-06-20T02:30:03.907125+00:00
FKID000968,FKID004519,12.4696,True,0.082586,2026-06-20T02:30:03.907125+00:00
FKID000968,FKID003897,5.5441,True,0.329946,2026-06-20T02:30:03.907125+00:00
FKID000968,FKID004967,6.7686,True,0.258277,2026-06-20T02:30:03.907125+00:00
FKID000968,FKID005194,5.5942,True,0.326657,2026-06-20T02:30:03.907125+00:00
FKID000968,FKID004492,7.3404,True,0.230366,2026-06-20T02:30:03.907125+00:00
FKID000968,FKID005244,20.6144,True,0.016198,2026-06-20T02:30:03.907125+00:00
FKID000968,FKID004401,20.666,True,0.016032,2026-06-20T02:30:03.907125+00:00
FKID000968,FKID000002,6.2826,True,0.284643,2026-06-20T02:30:03.907125+00:00
FKID001931,FKID001932,0.3503,True,0.932345,2026-06-20T02:30:03.907125+00:00
FKID001931,FKID003103,13.6463,True,0.065268,2026-06-20T02:30:03.907125+00:00
FKID001931,FKID001646,1.76,True,0.703286,2026-06-20T02:30:03.907125+00:00
FKID001931,FKID004531,8.3439,True,0.188479,2026-06-20T02:30:03.907125+00:00
FKID001931,FKID000164,1.9551,True,0.676373,2026-06-20T02:30:03.907125+00:00
FKID001931,FKID005593,9.1826,True,0.15937,2026-06-20T02:30:03.907125+00:00
FKID001931,FKID004694,10.6393,True,0.119091,2026-06-20T02:30:03.907125+00:00
FKID001931,FKID003235,3.0832,True,0.53975,2026-06-20T02:30:03.907125+00:00
FKID001931,FKID005137,21.8393,True,0.012678,2026-06-20T02:30:03.907125+00:00
FKID001931,FKID001489,0.1402,True,0.972357,2026-06-20T02:30:03.907125+00:00
FKID001931,FKID004408,8.2245,True,0.193034,2026-06-20T02:30:03.907125+00:00
FKID001931,FKID004829,6.9043,True,0.251363,2026-06-20T02:30:03.907125+00:00
FKID001931,FKID005079,7.091,True,0.242151,2026-06-20T02:30:03.907125+00:00
FKID001931,FKID001592,9.1153,True,0.161532,2026-06-20T02:30:03.907125+00:00
FKID001931,FKID000346,16.5037,True,0.036856,2026-06-20T02:30:03.907125+00:00
FKID001931,FKID004519,9.2619,True,0.156863,2026-06-20T02:30:03.907125+00:00
FKID001931,FKID003897,5.2668,True,0.348767,2026-06-20T02:30:03.907125+00:00
FKID001931,FKID004967,6.5315,True,0.270823,2026-06-20T02:30:03.907125+00:00
FKID001931,FKID005194,7.3227,True,0.231187,2026-06-20T02:30:03.907125+00:00
FKID001931,FKID004492,4.1749,True,0.43388,2026-06-20T02:30:03.907125+00:00
FKID001931,FKID005244,17.1405,True,0.032449,2026-06-20T02:30:03.907125+00:00
FKID001931,FKID004401,17.1921,True,0.032115,2026-06-20T02:30:03.907125+00:00
FKID001931,FKID000002,5.033,True,0.365461,2026-06-20T02:30:03.907125+00:00
FKID001932,FKID003103,13.3833,True,0.068792,2026-06-20T02:30:03.907125+00:00
FKID001932,FKID001646,1.5523,True,0.733105,2026-06-20T02:30:03.907125+00:00
FKID001932,FKID004531,8.4919,True,0.182978,2026-06-20T02:30:03.907125+00:00
FKID001932,FKID000164,1.7429,True,0.70569,2026-06-20T02:30:03.907125+00:00
FKID001932,FKID005593,9.2839,True,0.156174,2026-06-20T02:30:03.907125+00:00
FKID001932,FKID004694,10.4695,True,0.123205,2026-06-20T02:30:03.907125+00:00
FKID001932,FKID003235,3.232,True,0.523925,2026-06-20T02:30:03.907125+00:00
FKID001932,FKID005137,21.4892,True,0.013598,2026-06-20T02:30:03.907125+00:00
FKID001932,FKID001489,0.4904,True,0.906575,2026-06-20T02:30:03.907125+00:00
FKID001932,FKID004408,8.4769,True,0.183528,2026-06-20T02:30:03.907125+00:00
FKID001932,FKID004829,7.163,True,0.238686,2026-06-20T02:30:03.907125+00:00
FKID001932,FKID005079,7.1617,True,0.238752,2026-06-20T02:30:03.907125+00:00
FKID001932,FKID001592,8.8177,True,0.171438,2026-06-20T02:30:03.907125+00:00
FKID001932,FKID000346,16.3012,True,0.038379,2026-06-20T02:30:03.907125+00:00
FKID001932,FKID004519,9.1303,True,0.161048,2026-06-20T02:30:03.907125+00:00
FKID001932,FKID003897,5.122,True,0.359015,2026-06-20T02:30:03.907125+00:00
FKID001932,FKID004967,6.8103,True,0.256131,2026-06-20T02:30:03.907125+00:00
FKID001932,FKID005194,7.6705,True,0.215652,2026-06-20T02:30:03.907125+00:00
FKID001932,FKID004492,4.0881,True,0.441478,2026-06-20T02:30:03.907125+00:00
FKID001932,FKID005244,16.8756,True,0.034214,2026-06-20T02:30:03.907125+00:00
FKID001932,FKID004401,16.9261,True,0.03387,2026-06-20T02:30:03.907125+00:00
FKID001932,FKID000002,4.7967,True,0.383147,2026-06-20T02:30:03.907125+00:00
FKID003103,FKID001646,11.9062,True,0.092436,2026-06-20T02:30:03.907125+00:00
FKID003103,FKID004531,13.7664,True,0.063719,2026-06-20T02:30:03.907125+00:00
FKID003103,FKID000164,11.7115,True,0.096106,2026-06-20T02:30:03.907125+00:00
FKID003103,FKID005593,21.905,True,0.012513,2026-06-20T02:30:03.907125+00:00
FKID003103,FKID004694,5.039,True,0.365021,2026-06-20T02:30:03.907125+00:00
FKID003103,FKID003235,12.9939,True,0.074365,2026-06-20T02:30:03.907125+00:00
FKID003103,FKID005137,15.0516,True,0.049276,2026-06-20T02:30:03.907125+00:00
FKID003103,FKID001489,13.7539,True,0.063877,2026-06-20T02:30:03.907125+00:00
FKID003103,FKID004408,21.8591,True,0.012628,2026-06-20T02:30:03.907125+00:00
FKID003103,FKID004829,20.5462,True,0.01642,2026-06-20T02:30:03.907125+00:00
FKID003103,FKID005079,11.7472,True,0.095423,2026-06-20T02:30:03.907125+00:00
FKID003103,FKID001592,13.8871,True,0.062199,2026-06-20T02:30:03.907125+00:00
FKID003103,FKID000346,4.506,True,0.406082,2026-06-20T02:30:03.907125+00:00
FKID003103,FKID004519,6.7019,True,0.261745,2026-06-20T02:30:03.907125+00:00
FKID003103,FKID003897,15.8244,True,0.042219,2026-06-20T02:30:03.907125+00:00
FKID003103,FKID004967,16.2129,True,0.039063,2026-06-20T02:30:03.907125+00:00
FKID003103,FKID005194,19.3409,True,0.020896,2026-06-20T02:30:03.907125+00:00
FKID003103,FKID004492,10.3682,True,0.125727,2026-06-20T02:30:03.907125+00:00
FKID003103,FKID005244,3.4956,True,0.497024,2026-06-20T02:30:03.907125+00:00
FKID003103,FKID004401,3.5501,True,0.491631,2026-06-20T02:30:03.907125+00:00
FKID003103,FKID000002,14.2908,True,0.057375,2026-06-20T02:30:03.907125+00:00
FKID001646,FKID004531,7.7663,True,0.211559,2026-06-20T02:30:03.907125+00:00
FKID001646,FKID000164,0.1955,True,0.961653,2026-06-20T02:30:03.907125+00:00
FKID001646,FKID005593,10.7997,True,0.115333,2026-06-20T02:30:03.907125+00:00
FKID001646,FKID004694,8.92,True,0.167966,2026-06-20T02:30:03.907125+00:00
FKID001646,FKID003235,2.7805,True,0.573444,2026-06-20T02:30:03.907125+00:00
FKID001646,FKID005137,20.7754,True,0.015684,2026-06-20T02:30:03.907125+00:00
FKID001646,FKID001489,1.8566,True,0.689823,2026-06-20T02:30:03.907125+00:00
FKID001646,FKID004408,9.9805,True,0.135863,2026-06-20T02:30:03.907125+00:00
FKID001646,FKID004829,8.6576,True,0.177013,2026-06-20T02:30:03.907125+00:00
FKID001646,FKID005079,6.1476,True,0.292434,2026-06-20T02:30:03.907125+00:00
FKID001646,FKID001592,8.9831,True,0.16586,2026-06-20T02:30:03.907125+00:00
FKID001646,FKID000346,14.7521,True,0.052318,2026-06-20T02:30:03.907125+00:00
FKID001646,FKID004519,7.6077,True,0.218376,2026-06-20T02:30:03.907125+00:00
FKID001646,FKID003897,6.1645,True,0.291446,2026-06-20T02:30:03.907125+00:00
FKID001646,FKID004967,6.8511,True,0.254052,2026-06-20T02:30:03.907125+00:00
FKID001646,FKID005194,8.4372,True,0.184991,2026-06-20T02:30:03.907125+00:00
FKID001646,FKID004492,2.6731,True,0.585894,2026-06-20T02:30:03.907125+00:00
FKID001646,FKID005244,15.4016,True,0.045944,2026-06-20T02:30:03.907125+00:00
FKID001646,FKID004401,15.4547,True,0.045459,2026-06-20T02:30:03.907125+00:00
FKID001646,FKID000002,5.4744,True,0.334581,2026-06-20T02:30:03.907125+00:00
FKID004531,FKID000164,7.7373,True,0.212787,2026-06-20T02:30:03.907125+00:00
FKID004531,FKID005593,16.4881,True,0.036971,2026-06-20T02:30:03.907125+00:00
FKID004531,FKID004694,8.8219,True,0.171294,2026-06-20T02:30:03.907125+00:00
FKID004531,FKID003235,5.2628,True,0.349046,2026-06-20T02:30:03.907125+00:00
FKID004531,FKID005137,26.5735,True,0.004919,2026-06-20T02:30:03.907125+00:00
FKID004531,FKID001489,8.29,True,0.190521,2026-06-20T02:30:03.907125+00:00
FKID004531,FKID004408,13.6375,True,0.065383,2026-06-20T02:30:03.907125+00:00
FKID004531,FKID004829,12.4741,True,0.082511,2026-06-20T02:30:03.907125+00:00
FKID004531,FKID005079,2.2178,True,0.641747,2026-06-20T02:30:03.907125+00:00
FKID004531,FKID001592,16.6603,True,0.035719,2026-06-20T02:30:03.907125+00:00
FKID004531,FKID000346,14.2542,True,0.057796,2026-06-20T02:30:03.907125+00:00
FKID004531,FKID004519,7.0719,True,0.243075,2026-06-20T02:30:03.907125+00:00
FKID004531,FKID003897,13.6081,True,0.065768,2026-06-20T02:30:03.907125+00:00
FKID004531,FKID004967,3.9966,True,0.449637,2026-06-20T02:30:03.907125+00:00
FKID004531,FKID005194,7.7806,True,0.210955,2026-06-20T02:30:03.907125+00:00
FKID004531,FKID004492,5.8449,True,0.310683,2026-06-20T02:30:03.907125+00:00
FKID004531,FKID005244,16.7888,True,0.034813,2026-06-20T02:30:03.907125+00:00
FKID004531,FKID004401,16.8747,True,0.03422,2026-06-20T02:30:03.907125+00:00
FKID004531,FKID000002,13.1863,True,0.071557,2026-06-20T02:30:03.907125+00:00
FKID000164,FKID005593,10.9768,True,0.111318,2026-06-20T02:30:03.907125+00:00
FKID000164,FKID004694,8.7336,True,0.174346,2026-06-20T02:30:03.907125+00:00
FKID000164,FKID003235,2.8265,True,0.568191,2026-06-20T02:30:03.907125+00:00
FKID000164,FKID005137,20.6525,True,0.016075,2026-06-20T02:30:03.907125+00:00
FKID000164,FKID001489,2.0521,True,0.663372,2026-06-20T02:30:03.907125+00:00
FKID000164,FKID004408,10.176,True,0.130653,2026-06-20T02:30:03.907125+00:00
FKID000164,FKID004829,8.8531,True,0.170226,2026-06-20T02:30:03.907125+00:00
FKID000164,FKID005079,6.0776,True,0.296555,2026-06-20T02:30:03.907125+00:00
FKID000164,FKID001592,8.9762,True,0.166086,2026-06-20T02:30:03.907125+00:00
FKID000164,FKID000346,14.5595,True,0.054373,2026-06-20T02:30:03.907125+00:00
FKID000164,FKID004519,7.4325,True,0.226164,2026-06-20T02:30:03.907125+00:00
FKID000164,FKID003897,6.2762,True,0.285006,2026-06-20T02:30:03.907125+00:00
FKID000164,FKID004967,6.9258,True,0.250285,2026-06-20T02:30:03.907125+00:00
FKID000164,FKID005194,8.5835,True,0.179658,2026-06-20T02:30:03.907125+00:00
FKID000164,FKID004492,2.5363,True,0.602142,2026-06-20T02:30:03.907125+00:00
FKID000164,FKID005244,15.207,True,0.047768,2026-06-20T02:30:03.907125+00:00
FKID000164,FKID004401,15.2602,True,0.047262,2026-06-20T02:30:03.907125+00:00
FKID000164,FKID000002,5.5436,True,0.329983,2026-06-20T02:30:03.907125+00:00
FKID005593,FKID004694,19.6738,True,0.01955,2026-06-20T02:30:03.907125+00:00
FKID005593,FKID003235,11.7666,True,0.095053,2026-06-20T02:30:03.907125+00:00
FKID005593,FKID005137,25.6208,True,0.005951,2026-06-20T02:30:03.907125+00:00
FKID005593,FKID001489,9.1435,True,0.160622,2026-06-20T02:30:03.907125+00:00
FKID005593,FKID004408,4.5302,True,0.404125,2026-06-20T02:30:03.907125+00:00
FKID005593,FKID004829,4.8137,True,0.381845,2026-06-20T02:30:03.907125+00:00
FKID005593,FKID005079,15.8626,True,0.041898,2026-06-20T02:30:03.907125+00:00
FKID005593,FKID001592,11.0787,True,0.109073,2026-06-20T02:30:03.907125+00:00
FKID005593,FKID000346,25.3264,True,0.006312,2026-06-20T02:30:03.907125+00:00
FKID005593,FKID004519,18.4069,True,0.025188,2026-06-20T02:30:03.907125+00:00
FKID005593,FKID003897,6.3328,True,0.2818,2026-06-20T02:30:03.907125+00:00
FKID005593,FKID004967,13.1403,True,0.072219,2026-06-20T02:30:03.907125+00:00
FKID005593,FKID005194,10.8317,True,0.114596,2026-06-20T02:30:03.907125+00:00
FKID005593,FKID004492,13.3572,True,0.069153,2026-06-20T02:30:03.907125+00:00
FKID005593,FKID005244,25.2957,True,0.006351,2026-06-20T02:30:03.907125+00:00
FKID005593,FKID004401,25.3291,True,0.006309,2026-06-20T02:30:03.907125+00:00
FKID005593,FKID000002,7.9367,True,0.204468,2026-06-20T02:30:03.907125+00:00
FKID004694,FKID003235,9.0749,True,0.162842,2026-06-20T02:30:03.907125+00:00
FKID004694,FKID005137,19.3276,True,0.020952,2026-06-20T02:30:03.907125+00:00
FKID004694,FKID001489,10.7115,True,0.117384,2026-06-20T02:30:03.907125+00:00
FKID004694,FKID004408,18.6952,True,0.023777,2026-06-20T02:30:03.907125+00:00
FKID004694,FKID004829,17.3634,True,0.031034,2026-06-20T02:30:03.907125+00:00
FKID004694,FKID005079,6.9307,True,0.25004,2026-06-20T02:30:03.907125+00:00
FKID004694,FKID001592,14.1806,True,0.058653,2026-06-20T02:30:03.907125+00:00
FKID004694,FKID000346,6.0254,True,0.299668,2026-06-20T02:30:03.907125+00:00
FKID004694,FKID004519,1.8052,True,0.696954,2026-06-20T02:30:03.907125+00:00
FKID004694,FKID003897,14.2694,True,0.05762,2026-06-20T02:30:03.907125+00:00
FKID004694,FKID004967,11.6498,True,0.097299,2026-06-20T02:30:03.907125+00:00
FKID004694,FKID005194,15.0793,True,0.049003,2026-06-20T02:30:03.907125+00:00
FKID004694,FKID004492,6.6417,True,0.264918,2026-06-20T02:30:03.907125+00:00
FKID004694,FKID005244,7.9739,True,0.202953,2026-06-20T02:30:03.907125+00:00
FKID004694,FKID004401,8.0583,True,0.199554,2026-06-20T02:30:03.907125+00:00
FKID004694,FKID000002,12.9813,True,0.074551,2026-06-20T02:30:03.907125+00:00
FKID003235,FKID005137,23.2768,True,0.00951,2026-06-20T02:30:03.907125+00:00
FKID003235,FKID001489,3.035,True,0.544983,2026-06-20T02:30:03.907125+00:00
FKID003235,FKID004408,9.8259,True,0.140129,2026-06-20T02:30:03.907125+00:00
FKID003235,FKID004829,8.5158,True,0.182108,2026-06-20T02:30:03.907125+00:00
FKID003235,FKID005079,4.1245,True,0.438277,2026-06-20T02:30:03.907125+00:00
FKID003235,FKID001592,11.7371,True,0.095615,2026-06-20T02:30:03.907125+00:00
FKID003235,FKID000346,15.0997,True,0.048805,2026-06-20T02:30:03.907125+00:00
FKID003235,FKID004519,7.4245,True,0.226525,2026-06-20T02:30:03.907125+00:00
FKID003235,FKID003897,8.3454,True,0.18842,2026-06-20T02:30:03.907125+00:00
FKID003235,FKID004967,4.1417,True,0.436774,2026-06-20T02:30:03.907125+00:00
FKID003235,FKID005194,6.4122,True,0.277358,2026-06-20T02:30:03.907125+00:00
FKID003235,FKID004492,2.6278,True,0.59123,2026-06-20T02:30:03.907125+00:00
FKID003235,FKID005244,16.437,True,0.037351,2026-06-20T02:30:03.907125+00:00
FKID003235,FKID004401,16.503,True,0.036861,2026-06-20T02:30:03.907125+00:00
FKID003235,FKID000002,7.9797,True,0.202718,2026-06-20T02:30:03.907125+00:00
FKID005137,FKID001489,21.9792,True,0.012328,2026-06-20T02:30:03.907125+00:00
FKID005137,FKID004408,28.1192,True,0.003611,2026-06-20T02:30:03.907125+00:00
FKID005137,FKID004829,27.1367,True,0.004395,2026-06-20T02:30:03.907125+00:00
FKID005137,FKID005079,24.3565,True,0.007663,2026-06-20T02:30:03.907125+00:00
FKID005137,FKID001592,14.5772,True,0.05418,2026-06-20T02:30:03.907125+00:00
FKID005137,FKID000346,18.6726,True,0.023885,2026-06-20T02:30:03.907125+00:00
FKID005137,FKID004519,20.4324,True,0.016798,2026-06-20T02:30:03.907125+00:00
FKID005137,FKID003897,19.8984,True,0.018692,2026-06-20T02:30:03.907125+00:00
FKID005137,FKID004967,27.3877,True,0.00418,2026-06-20T02:30:03.907125+00:00
FKID005137,FKID005194,29.1418,True,0.002943,2026-06-20T02:30:03.907125+00:00
FKID005137,FKID004492,21.1725,True,0.014487,2026-06-20T02:30:03.907125+00:00
FKID005137,FKID005244,14.8009,True,0.05181,2026-06-20T02:30:03.907125+00:00
FKID005137,FKID004401,14.7196,True,0.052659,2026-06-20T02:30:03.907125+00:00
FKID005137,FKID000002,18.5543,True,0.024457,2026-06-20T02:30:03.907125+00:00
FKID001489,FKID004408,8.124,True,0.196953,2026-06-20T02:30:03.907125+00:00
FKID001489,FKID004829,6.8016,True,0.25658,2026-06-20T02:30:03.907125+00:00
FKID001489,FKID005079,7.0694,True,0.243196,2026-06-20T02:30:03.907125+00:00
FKID001489,FKID001592,9.2343,True,0.157732,2026-06-20T02:30:03.907125+00:00
FKID001489,FKID000346,16.5878,True,0.036241,2026-06-20T02:30:03.907125+00:00
FKID001489,FKID004519,9.3197,True,0.155061,2026-06-20T02:30:03.907125+00:00
FKID001489,FKID003897,5.3282,True,0.344509,2026-06-20T02:30:03.907125+00:00
FKID001489,FKID004967,6.4232,True,0.276752,2026-06-20T02:30:03.907125+00:00
FKID001489,FKID005194,7.1838,True,0.237696,2026-06-20T02:30:03.907125+00:00
FKID001489,FKID004492,4.2193,True,0.430044,2026-06-20T02:30:03.907125+00:00
FKID001489,FKID005244,17.2487,True,0.031754,2026-06-20T02:30:03.907125+00:00
FKID001489,FKID004401,17.3007,True,0.031425,2026-06-20T02:30:03.907125+00:00
FKID001489,FKID000002,5.1297,True,0.358461,2026-06-20T02:30:03.907125+00:00
FKID004408,FKID004829,1.3324,True,0.766074,2026-06-20T02:30:03.907125+00:00
FKID004408,FKID005079,13.5615,True,0.066384,2026-06-20T02:30:03.907125+00:00
FKID004408,FKID001592,13.6786,True,0.064847,2026-06-20T02:30:03.907125+00:00
FKID004408,FKID000346,24.6531,True,0.007222,2026-06-20T02:30:03.907125+00:00
FKID004408,FKID004519,17.1604,True,0.032319,2026-06-20T02:30:03.907125+00:00
FKID004408,FKID003897,8.2354,True,0.192612,2026-06-20T02:30:03.907125+00:00
FKID004408,FKID004967,9.8472,True,0.139534,2026-06-20T02:30:03.907125+00:00
FKID004408,FKID005194,6.8229,True,0.255486,2026-06-20T02:30:03.907125+00:00
FKID004408,FKID004492,12.0569,True,0.089691,2026-06-20T02:30:03.907125+00:00
FKID004408,FKID005244,25.3498,True,0.006283,2026-06-20T02:30:03.907125+00:00
FKID004408,FKID004401,25.3993,True,0.006221,2026-06-20T02:30:03.907125+00:00
FKID004408,FKID000002,9.582,True,0.147136,2026-06-20T02:30:03.907125+00:00
FKID004829,FKID005079,12.3047,True,0.085355,2026-06-20T02:30:03.907125+00:00
FKID004829,FKID001592,12.8141,True,0.077087,2026-06-20T02:30:03.907125+00:00
FKID004829,FKID000346,23.3209,True,0.009427,2026-06-20T02:30:03.907125+00:00
FKID004829,FKID004519,15.8328,True,0.042148,2026-06-20T02:30:03.907125+00:00
FKID004829,FKID003897,7.3434,True,0.230228,2026-06-20T02:30:03.907125+00:00
FKID004829,FKID004967,8.775,True,0.172906,2026-06-20T02:30:03.907125+00:00
FKID004829,FKID005194,6.0577,True,0.297737,2026-06-20T02:30:03.907125+00:00
FKID004829,FKID004492,10.7259,True,0.117047,2026-06-20T02:30:03.907125+00:00
FKID004829,FKID005244,24.0386,True,0.008166,2026-06-20T02:30:03.907125+00:00
FKID004829,FKID004401,24.089,True,0.008085,2026-06-20T02:30:03.907125+00:00
FKID004829,FKID000002,8.5842,True,0.179634,2026-06-20T02:30:03.907125+00:00
FKID005079,FKID001592,14.7998,True,0.051821,2026-06-20T02:30:03.907125+00:00
FKID005079,FKID000346,12.6599,True,0.079502,2026-06-20T02:30:03.907125+00:00
FKID005079,FKID004519,5.132,True,0.358293,2026-06-20T02:30:03.907125+00:00
FKID005079,FKID003897,12.2415,True,0.086441,2026-06-20T02:30:03.907125+00:00
FKID005079,FKID004967,4.8639,True,0.378027,2026-06-20T02:30:03.907125+00:00
FKID005079,FKID005194,8.5544,True,0.180706,2026-06-20T02:30:03.907125+00:00
FKID005079,FKID004492,3.8644,True,0.461683,2026-06-20T02:30:03.907125+00:00
FKID005079,FKID005244,14.8894,True,0.050901,2026-06-20T02:30:03.907125+00:00
FKID005079,FKID004401,14.9714,True,0.050072,2026-06-20T02:30:03.907125+00:00
FKID005079,FKID000002,11.6201,True,0.097879,2026-06-20T02:30:03.907125+00:00
FKID001592,FKID000346,18.2073,True,0.026214,2026-06-20T02:30:03.907125+00:00
FKID001592,FKID004519,13.8864,True,0.062207,2026-06-20T02:30:03.907125+00:00
FKID001592,FKID003897,5.4707,True,0.33483,2026-06-20T02:30:03.907125+00:00
FKID001592,FKID004967,15.6191,True,0.043989,2026-06-20T02:30:03.907125+00:00
FKID001592,FKID005194,16.0743,True,0.040161,2026-06-20T02:30:03.907125+00:00
FKID001592,FKID004492,10.9382,True,0.112182,2026-06-20T02:30:03.907125+00:00
FKID001592,FKID005244,16.7015,True,0.035426,2026-06-20T02:30:03.907125+00:00
FKID001592,FKID004401,16.7016,True,0.035425,2026-06-20T02:30:03.907125+00:00
FKID001592,FKID000002,4.4414,True,0.411361,2026-06-20T02:30:03.907125+00:00
FKID000346,FKID004519,7.7428,True,0.212553,2026-06-20T02:30:03.907125+00:00
FKID000346,FKID003897,19.5393,True,0.020083,2026-06-20T02:30:03.907125+00:00
FKID000346,FKID004967,17.4989,True,0.030204,2026-06-20T02:30:03.907125+00:00
FKID000346,FKID005194,21.0395,True,0.014878,2026-06-20T02:30:03.907125+00:00
FKID000346,FKID004492,12.6333,True,0.079926,2026-06-20T02:30:03.907125+00:00
FKID000346,FKID005244,4.0623,True,0.443766,2026-06-20T02:30:03.907125+00:00
FKID000346,FKID004401,4.1584,True,0.435314,2026-06-20T02:30:03.907125+00:00
FKID000346,FKID000002,18.0924,True,0.026823,2026-06-20T02:30:03.907125+00:00
FKID004519,FKID003897,13.3117,True,0.069785,2026-06-20T02:30:03.907125+00:00
FKID004519,FKID004967,9.8482,True,0.139506,2026-06-20T02:30:03.907125+00:00
FKID004519,FKID005194,13.308,True,0.069836,2026-06-20T02:30:03.907125+00:00
FKID004519,FKID004492,5.134,True,0.358148,2026-06-20T02:30:03.907125+00:00
FKID004519,FKID005244,9.7594,True,0.142008,2026-06-20T02:30:03.907125+00:00
FKID004519,FKID004401,9.8422,True,0.139676,2026-06-20T02:30:03.907125+00:00
FKID004519,FKID000002,12.1467,True,0.088096,2026-06-20T02:30:03.907125+00:00
FKID003897,FKID004967,11.5067,True,0.100125,2026-06-20T02:30:03.907125+00:00
FKID003897,FKID005194,11.1131,True,0.108325,2026-06-20T02:30:03.907125+00:00
FKID003897,FKID004492,8.7981,True,0.172111,2026-06-20T02:30:03.907125+00:00
FKID003897,FKID005244,19.1363,True,0.021769,2026-06-20T02:30:03.907125+00:00
FKID003897,FKID004401,19.1634,True,0.021652,2026-06-20T02:30:03.907125+00:00
FKID003897,FKID000002,1.6055,True,0.72535,2026-06-20T02:30:03.907125+00:00
FKID004967,FKID005194,3.8035,True,0.467343,2026-06-20T02:30:03.907125+00:00
FKID004967,FKID004492,6.3351,True,0.281668,2026-06-20T02:30:03.907125+00:00
FKID004967,FKID005244,19.5075,True,0.020212,2026-06-20T02:30:03.907125+00:00
FKID004967,FKID004401,19.5842,True,0.019904,2026-06-20T02:30:03.907125+00:00
FKID004967,FKID000002,11.5372,True,0.099515,2026-06-20T02:30:03.907125+00:00
FKID005194,FKID004492,9.022,True,0.164572,2026-06-20T02:30:03.907125+00:00
FKID005194,FKID005244,22.7422,True,0.010584,2026-06-20T02:30:03.907125+00:00
FKID005194,FKID004401,22.8125,True,0.010436,2026-06-20T02:30:03.907125+00:00
FKID005194,FKID000002,11.6672,True,0.096961,2026-06-20T02:30:03.907125+00:00
FKID004492,FKID005244,13.8185,True,0.063058,2026-06-20T02:30:03.907125+00:00
FKID004492,FKID004401,13.8834,True,0.062245,2026-06-20T02:30:03.907125+00:00
FKID004492,FKID000002,7.9617,True,0.203451,2026-06-20T02:30:03.907125+00:00
FKID005244,FKID004401,0.0996,True,0.980279,2026-06-20T02:30:03.907125+00:00
FKID005244,FKID000002,17.5733,True,0.029758,2026-06-20T02:30:03.907125+00:00
FKID004401,FKID000002,17.5984,True,0.029609,2026-06-20T02:30:03.907125+00:00
