event_id,duration_pred,ci_lower,ci_upper,conformal_q_log
FKID002240,33.11914924493631,5.470793447914444,178.90318414095512,1.6625600521969486
FKID002241,33.038027007179075,5.455408385385735,178.47544343814928,1.6625600521969486
FKID002250,38.26432921413047,6.446591425583636,206.03264896996652,1.6625600521969486
FKID002239,53.70231287148194,9.374448822667649,287.433928841731,1.6625600521969486
FKID002251,35.014286118094816,5.83021153227817,188.8958470709884,1.6625600521969486
FKID002257,1814.3583095069214,343.2878534410643,9571.007141576258,1.6625600521969486
FKID002267,33.0120802768208,5.450487514364249,178.33863172060046,1.6625600521969486
FKID002283,32.162805821778036,5.289420204633852,173.86058399511563,1.6625600521969486
FKID002284,51.689393433797726,8.992692940800818,276.8202229237161,1.6625600521969486
FKID002285,28.987893595126867,4.687289093848115,157.1199315584971,1.6625600521969486
FKID002291,29.344992878266194,4.755013985960888,159.00284187463737,1.6625600521969486
FKID002287,29.344992878266194,4.755013985960888,159.00284187463737,1.6625600521969486
FKID002293,31.833033857823636,5.226878016130172,172.12176495452607,1.6625600521969486
FKID002294,32.08079229685364,5.2738661069653725,173.42814372028332,1.6625600521969486
FKID002301,43.305205826526276,7.402607975734778,232.6121438724154,1.6625600521969486
FKID002309,104.91877919728677,19.087796958847626,557.4877131935716,1.6625600521969486
FKID002308,25.772291321267527,4.077441000174564,140.1647289581847,1.6625600521969486
FKID002312,13464.790860708354,2552.825438229226,71001.3170691203,1.6625600521969486
FKID002316,34.6584564255147,5.762727421616691,187.01963104205092,1.6625600521969486
FKID002321,38.306372453946565,6.454565045288455,206.25433423709384,1.6625600521969486
FKID002320,5206.414364852201,986.6009073603175,27456.613865248906,1.6625600521969486
FKID002327,24.60060147103469,3.8552266960767057,133.98665185053784,1.6625600521969486
FKID002336,25.2260261689565,3.9738402643231927,137.28438632184003,1.6625600521969486
FKID002340,42586.50504585234,8075.841149684392,224554.0645875176,1.6625600521969486
FKID002335,26.972072547202043,4.304982913367491,146.4909260526269,1.6625600521969486
FKID002333,26.598968886132955,4.234222745577052,144.5236279773111,1.6625600521969486
FKID002337,22.59015261172844,3.4739393664081124,123.38597277893336,1.6625600521969486
FKID002350,22.43856328528983,3.4451900206008377,122.58667376029986,1.6625600521969486
FKID002351,22.43856328528983,3.4451900206008377,122.58667376029986,1.6625600521969486
FKID002345,1245.027674801837,235.31268341851774,6569.04500948598,1.6625600521969486
FKID002363,56.948739245098466,9.990142794305939,304.551660514934,1.6625600521969486
FKID002360,24.73902482972574,3.881479078749737,134.71652945707584,1.6625600521969486
FKID002370,43.26880341510608,7.395704155137871,232.42020152127733,1.6625600521969486
FKID002366,27.44547729306092,4.394765466435395,148.98709090586092,1.6625600521969486
FKID002378,26.455104821057766,4.206938517503368,143.7650626565674,1.6625600521969486
FKID002377,43.70739725371801,7.478884720890312,234.73281569417023,1.6625600521969486
FKID002385,205.18762378467568,38.104067790463404,1086.1844952237684,1.6625600521969486
FKID002387,56.60760663430053,9.925446026899031,302.7529391442368,1.6625600521969486
FKID002381,2912.527998941013,551.5588504719467,15361.427718537088,1.6625600521969486
FKID002388,26.831889360489935,4.278396774317758,145.75176923861952,1.6625600521969486
FKID002389,35.90023532903724,5.998234313508626,193.56727316345953,1.6625600521969486
FKID002383,5515.685034202648,1045.254967181636,29087.333839481773,1.6625600521969486
FKID002396,39.09372673926129,6.6038890191667905,210.40588977437514,1.6625600521969486
FKID002410,23.868147503259667,3.7163147231680913,130.12457427956915,1.6625600521969486
FKID002408,23.868147503259667,3.7163147231680913,130.12457427956915,1.6625600521969486
FKID002409,23.868147503259667,3.7163147231680913,130.12457427956915,1.6625600521969486
FKID002406,101.82005375520365,18.500114887891733,541.1487778406599,1.6625600521969486
FKID002416,23.868147503259667,3.7163147231680913,130.12457427956915,1.6625600521969486
FKID002411,28.535906232593053,4.601568408287411,154.73669611708658,1.6625600521969486
FKID002415,24.83513264383316,3.8997061983462773,135.2232859900313,1.6625600521969486
FKID002417,49.85922130054894,8.64559560366134,267.17010556780434,1.6625600521969486
FKID002419,2286.1066635208535,432.7562670965075,12058.438184803597,1.6625600521969486
FKID002421,51.84626893032223,9.022444823761376,277.64739481876666,1.6625600521969486
FKID002429,31.93970502389339,5.24710850539385,172.68421984735497,1.6625600521969486
FKID002428,49.107253509113,8.502982778736095,263.205135659569,1.6625600521969486
FKID002439,46.29613709413108,7.969846575696408,248.38270294251603,1.6625600521969486
FKID002438,30.903893656066604,5.0506639409619405,167.22260174241097,1.6625600521969486
FKID002440,27.84684289006045,4.470885590552156,151.10340829661672,1.6625600521969486
FKID002450,22.273246819161205,3.4138372838084265,121.71499438652765,1.6625600521969486
FKID002462,1276.8013248200812,241.33864628407466,6736.580863590279,1.6625600521969486
FKID002458,30.279360726055778,4.932219499029655,163.92956937799752,1.6625600521969486
FKID002457,36.54365062245478,6.120259849228925,196.9598683064342,1.6625600521969486
FKID002460,31.39510094526225,5.143822796878219,169.81263570735973,1.6625600521969486
FKID002461,1451.054617998355,274.3862776795976,7655.382269357199,1.6625600521969486
FKID002456,1451.054617998355,274.3862776795976,7655.382269357199,1.6625600521969486
FKID002463,591.4491877083985,111.35966918532401,3122.861458130628,1.6625600521969486
FKID002474,2848.118395931641,539.3433865357329,15021.809265935704,1.6625600521969486
FKID002471,35.00851860384253,5.829117706838195,188.86543616680342,1.6625600521969486
FKID002475,31.035904576551708,5.075700186537582,167.91866789476876,1.6625600521969486
FKID002478,52.971912580152285,9.235926335323033,283.58267987991263,1.6625600521969486
FKID002481,39.85831919111326,6.748896146755203,214.43742689362858,1.6625600521969486
FKID002488,39.92992828569347,6.762477014692275,214.81500676925643,1.6625600521969486
FKID002489,28027.301089841127,5314.646815995392,147786.40747388854,1.6625600521969486
FKID002501,38.191054698572636,6.432694705833478,205.64628767559174,1.6625600521969486
FKID002500,30.950147496780783,5.059436113072258,167.466488633127,1.6625600521969486
FKID002503,2533.5004502574025,479.67520058976237,13362.894214790891,1.6625600521969486
FKID002496,1963.7381629202325,371.61816642097307,10358.656068067368,1.6625600521969486
FKID002517,43.86041130411154,7.5079042696374785,235.5396269861659,1.6625600521969486
FKID002527,29.50290653635764,4.784962759207805,159.8354877799044,1.6625600521969486
FKID002523,29.50290653635764,4.784962759207805,159.8354877799044,1.6625600521969486
FKID002541,34.98052034825205,5.8238077582363905,188.7178071830043,1.6625600521969486
FKID002555,5202.055181678053,985.774175904646,27433.62879819307,1.6625600521969486
FKID002553,36.965048778876074,6.200179205070977,199.1818132203325,1.6625600521969486
FKID002549,6343.432363770553,1202.239596494795,33451.87350559139,1.6625600521969486
FKID002554,46.002019595193815,7.9140663576324215,246.8318824871015,1.6625600521969486
FKID002557,57.14579276387401,10.027514553168613,305.59068277247644,1.6625600521969486
FKID002561,624.0616458158905,117.54471438464599,3294.8201729884454,1.6625600521969486
FKID002565,37.720255664762774,6.34340633344789,203.1638622005354,1.6625600521969486
FKID002562,18.179587326289546,2.6374631475629853,100.12997852726612,1.6625600521969486
FKID002578,33.27601986274589,5.500544405612873,179.73033031155578,1.6625600521969486
FKID002574,5164.8380413104705,978.7158396515401,27237.390550613003,1.6625600521969486
FKID002579,33.27601986274589,5.500544405612873,179.73033031155578,1.6625600521969486
FKID002583,33.115553322627676,5.470111471047234,178.88422358984056,1.6625600521969486
FKID002039,11366.738666786128,2154.9238876262516,59938.7238177208,1.6625600521969486
FKID002590,50.65236198171124,8.796016983927762,271.3521715679992,1.6625600521969486
FKID002591,45.60900840080952,7.83953066967249,244.75961612532322,1.6625600521969486
FKID002593,72.01477790607183,12.847459767645205,383.9917517095317,1.6625600521969486
FKID002606,30.069599480818535,4.8924376837926005,162.82354191943912,1.6625600521969486
FKID002602,36.66094223458219,6.142504536216892,197.57832260443757,1.6625600521969486
FKID002607,41.54555280502168,7.068884788195314,223.33385913913142,1.6625600521969486
FKID002609,34.12852737714894,5.662224874222911,184.22542528723028,1.6625600521969486
FKID002608,26.129080022407354,4.145106989530032,142.04600163997932,1.6625600521969486
FKID002612,39.40224607342224,6.662400586137935,212.03264811427823,1.6625600521969486
FKID002615,25516.06010898557,4838.382839763159,134545.15560802558,1.6625600521969486
FKID002624,44.0940660644287,7.55221755779365,236.77163998476058,1.6625600521969486
FKID002617,31.094862498657022,5.086881723724308,168.22954076680136,1.6625600521969486
FKID002618,1475.8249775316133,279.08404663683757,7785.991227990907,1.6625600521969486
FKID002642,31.148055208780377,5.096969872103156,168.51001487404176,1.6625600521969486
FKID002645,31.151146325039782,5.0975561110710315,168.52631368775565,1.6625600521969486
FKID002658,302.18481639003005,56.49986054224117,1597.630536189357,1.6625600521969486
FKID002659,467.74524586188187,87.89886567480181,2470.5962779758597,1.6625600521969486
FKID002672,222.50053956547347,41.38751138380878,1177.4719025788017,1.6625600521969486
FKID002661,478.55746713602474,89.94943411294982,2527.606874016542,1.6625600521969486
FKID002663,5846.3462150647065,1107.965798194499,30830.84153604959,1.6625600521969486
FKID002673,213.61457717489495,39.702263407588994,1130.6180693619872,1.6625600521969486
FKID002677,33.98087269453866,5.634221744779984,183.4468728278997,1.6625600521969486
FKID002668,9014.861399925367,1708.8836918567115,47537.76370058739,1.6625600521969486
FKID002688,26.50701869192611,4.216784130389528,144.03879371015404,1.6625600521969486
FKID002689,347.66343992209545,65.12501051473438,1837.429867791409,1.6625600521969486
FKID002687,77.92535170950995,13.968416857346918,415.15697918062574,1.6625600521969486
FKID002694,33.46390627851081,5.536177597383158,180.72101633981174,1.6625600521969486
FKID002696,41.896966946321335,7.135531477029849,225.18679288370157,1.6625600521969486
FKID002692,2043.5156304783795,386.7481894664067,10779.306077051462,1.6625600521969486
FKID002695,1041.8457844277018,196.77866149641633,5497.709121956183,1.6625600521969486
FKID002700,224.07235972107384,41.68561153546096,1185.7597836411187,1.6625600521969486
FKID002702,93.26545463378972,16.877710895723165,496.0421542861413,1.6625600521969486
FKID002698,67.18454054018132,11.931391548162432,358.52291378388276,1.6625600521969486
FKID002704,224.07235972107384,41.68561153546096,1185.7597836411187,1.6625600521969486
FKID002717,866.5227706290028,163.52815455050813,4573.267301641579,1.6625600521969486
FKID002715,28920.432507139456,5484.031723036657,152495.7038480395,1.6625600521969486
FKID002718,4138.756872555888,784.1166350775591,21827.07776347872,1.6625600521969486
FKID002726,19844.522164033016,3762.7595787510522,104640.31454799704,1.6625600521969486
FKID002721,866.5227706290028,163.52815455050813,4573.267301641579,1.6625600521969486
FKID002722,1710.8278880560251,323.65301530442156,9025.112742487878,1.6625600521969486
FKID002724,6049.356004513647,1146.4671806878994,31901.269971162747,1.6625600521969486
FKID002731,118.34996083414227,21.635058659589237,628.3075430169791,1.6625600521969486
FKID002729,19844.522164033016,3762.7595787510522,104640.31454799704,1.6625600521969486
FKID002733,4138.756872555888,784.1166350775591,21827.07776347872,1.6625600521969486
FKID002720,85.13000486859463,15.334799768058566,453.14561818934527,1.6625600521969486
FKID002735,19844.522164033016,3762.7595787510522,104640.31454799704,1.6625600521969486
FKID002734,1710.8278880560251,323.65301530442156,9025.112742487878,1.6625600521969486
FKID000174,190.80916126471757,35.37715158287254,1010.3698501450733,1.6625600521969486
FKID002741,11260.746039044107,2134.822085081392,59379.84671649628,1.6625600521969486
FKID002742,19966.986936288056,3785.9853702331143,105286.04584439061,1.6625600521969486
FKID002749,764.4550980505973,144.17073088724842,4035.085673404265,1.6625600521969486
FKID002748,1373.5390009332327,259.6852209968764,7246.658528019002,1.6625600521969486
FKID002745,1791.3243092114883,338.91938993920604,9449.553644394851,1.6625600521969486
FKID002740,2565.83292300045,485.80714577041886,13533.376625001873,1.6625600521969486
FKID002817,92.89120292147243,16.806732996756566,494.0688027751543,1.6625600521969486
FKID002754,19844.522164033016,3762.7595787510522,104640.31454799704,1.6625600521969486
FKID002753,866.5227706290028,163.52815455050813,4573.267301641579,1.6625600521969486
FKID002759,146.8780977284394,27.04550075389852,778.7304808238116,1.6625600521969486
FKID002867,65.91172441550034,11.689998359227399,351.81161884472033,1.6625600521969486
FKID002766,19844.522164033016,3762.7595787510522,104640.31454799704,1.6625600521969486
FKID000025,85.13000486859463,15.334799768058566,453.14561818934527,1.6625600521969486
FKID002760,85.13000486859463,15.334799768058566,453.14561818934527,1.6625600521969486
FKID002769,14788.6895217276,2803.906575098354,77981.95960764014,1.6625600521969486
FKID002776,14788.6895217276,2803.906575098354,77981.95960764014,1.6625600521969486
FKID002771,525.8136878529978,98.91171043447827,2776.7791061967723,1.6625600521969486
FKID002781,190.80916126471757,35.37715158287254,1010.3698501450733,1.6625600521969486
FKID002778,866.5227706290028,163.52815455050813,4573.267301641579,1.6625600521969486
FKID002777,19966.986936288056,3785.9853702331143,105286.04584439061,1.6625600521969486
FKID002793,2969.976459107392,562.4541139197171,15664.341511425997,1.6625600521969486
FKID002792,866.5227706290028,163.52815455050813,4573.267301641579,1.6625600521969486
FKID002806,866.5227706290028,163.52815455050813,4573.267301641579,1.6625600521969486
FKID002798,85.13000486859463,15.334799768058566,453.14561818934527,1.6625600521969486
FKID002800,525.8136878529978,98.91171043447827,2776.7791061967723,1.6625600521969486
FKID002804,190.80916126471757,35.37715158287254,1010.3698501450733,1.6625600521969486
FKID002799,5365.552661031198,1016.7819366947506,28295.71703267671,1.6625600521969486
FKID002807,813.7295435141986,153.51576925753574,4294.89958529415,1.6625600521969486
FKID002811,2565.83292300045,485.80714577041886,13533.376625001873,1.6625600521969486
FKID002828,30.451551415280303,4.964875951733888,164.83749510171748,1.6625600521969486
FKID002810,106.21201448445905,19.333062699876855,564.3066741335272,1.6625600521969486
FKID002819,2969.976459107392,562.4541139197171,15664.341511425997,1.6625600521969486
FKID002815,2565.83292300045,485.80714577041886,13533.376625001873,1.6625600521969486
FKID002818,113.05774352205998,20.631374632706773,600.4027808327113,1.6625600521969486
FKID002813,12870.17895652486,2440.055603728927,67866.05205642064,1.6625600521969486
FKID002822,23.47488265910778,3.641730929810149,128.0509704752738,1.6625600521969486
FKID002824,1547.5084930043472,292.6790287073029,8163.963509520646,1.6625600521969486
FKID002825,20461.264567388538,3879.726525201987,107892.26908419846,1.6625600521969486
FKID002854,13801.830843893222,2616.746027198821,72778.45886484577,1.6625600521969486
FKID002840,33019.63883599061,6261.457832461591,174109.96702080974,1.6625600521969486
FKID002835,900.9279530767491,170.05319500679155,4754.678679424351,1.6625600521969486
FKID002853,44.1054712112519,7.554380576244265,236.8317769540137,1.6625600521969486
FKID002855,31231.103515627266,5922.257035006527,164679.39192727386,1.6625600521969486
FKID002864,193.62719541065528,35.9115997532131,1025.2287586199782,1.6625600521969486
FKID002845,37.68823336653918,6.33733321374479,202.99501527611233,1.6625600521969486
FKID002856,18082.60110935873,3428.606252286708,95350.07094709786,1.6625600521969486
FKID002842,6759.913295449099,1281.226386714566,35647.89091520139,1.6625600521969486
FKID002858,1532.0503730813869,289.747352410321,8082.456055304564,1.6625600521969486
FKID002868,31231.103515627266,5922.257035006527,164679.39192727386,1.6625600521969486
FKID002865,1532.0503730813869,289.747352410321,8082.456055304564,1.6625600521969486
FKID002872,900.9279530767491,170.05319500679155,4754.678679424351,1.6625600521969486
FKID002875,900.9279530767491,170.05319500679155,4754.678679424351,1.6625600521969486
FKID002876,33063.51271367944,6269.778637832363,174341.30486104035,1.6625600521969486
FKID002885,29.4478496884565,4.774521071810972,159.5451844615224,1.6625600521969486
FKID002894,12054.247536001376,2285.3118950869402,63563.815223401936,1.6625600521969486
FKID002887,900.9279530767491,170.05319500679155,4754.678679424351,1.6625600521969486
FKID002889,6014.880369313116,1139.9287786671807,31719.487110654343,1.6625600521969486
FKID002902,193.62719541065528,35.9115997532131,1025.2287586199782,1.6625600521969486
FKID002905,12832.22642506797,2432.857798469481,67665.93624443808,1.6625600521969486
FKID002901,18082.60110935873,3428.606252286708,95350.07094709786,1.6625600521969486
FKID002898,1547.5084930043472,292.6790287073029,8163.963509520646,1.6625600521969486
FKID002914,10684.311954102179,2025.4997255694427,56340.42956737668,1.6625600521969486
FKID002909,31340.61602030009,5943.026392196955,165256.82860813764,1.6625600521969486
FKID002916,907.8027209208906,171.35701423166296,4790.927901716271,1.6625600521969486
FKID002925,31340.61602030009,5943.026392196955,165256.82860813764,1.6625600521969486
FKID002924,1315.7732381582503,248.72978020921929,6942.071664409185,1.6625600521969486
FKID002939,192.1741111266542,35.636018196455,1017.5669471357493,1.6625600521969486
FKID002934,30.724503919097543,5.016642168429767,166.27671693586836,1.6625600521969486
FKID002961,930.0911276416783,175.5840737968932,4908.4500389100485,1.6625600521969486
FKID002959,1274.5584563428006,240.9132799144994,6724.754684168989,1.6625600521969486
FKID000003,8201.43918523986,1554.6158612203367,43248.75738854905,1.6625600521969486
FKID000010,1004.7996968623,189.75276589250873,5302.3728002579055,1.6625600521969486
FKID000020,36.95779574387771,6.19880364640719,199.1435694739387,1.6625600521969486
FKID000018,278.39825497857817,51.988671689767614,1472.2089406224738,1.6625600521969486
FKID000021,203.1354731635426,37.7148716033594,1075.3639314275154,1.6625600521969486
FKID000033,278.39825497857817,51.988671689767614,1472.2089406224738,1.6625600521969486
FKID000041,32.51891703326673,5.356957706154994,175.73828441475953,1.6625600521969486
FKID000047,444.7719828735463,83.54192117554244,2349.463035993791,1.6625600521969486
FKID000048,209.30546482942088,38.88502802662301,1107.897015381226,1.6625600521969486
FKID000060,209.30546482942088,38.88502802662301,1107.897015381226,1.6625600521969486
FKID000059,209.30546482942088,38.88502802662301,1107.897015381226,1.6625600521969486
FKID000058,209.30546482942088,38.88502802662301,1107.897015381226,1.6625600521969486
FKID000062,41554.50244054921,7880.118927870281,219112.52929591446,1.6625600521969486
FKID000066,269.65349307701166,50.33020278686475,1426.0996282433016,1.6625600521969486
FKID000076,1794.4463856658058,339.5115005958777,9466.015704783016,1.6625600521969486
FKID000083,33972.211736465695,6442.115985418608,179132.68598404076,1.6625600521969486
FKID000081,269.65349307701166,50.33020278686475,1426.0996282433016,1.6625600521969486
FKID000082,621.5897638995675,117.07591496666123,3281.7864532912004,1.6625600521969486
FKID000085,1794.4463856658058,339.5115005958777,9466.015704783016,1.6625600521969486
FKID000080,56.84293295349767,9.970076330938886,303.99376592546224,1.6625600521969486
FKID000084,8043.385715288179,1524.6405722574893,42415.37428439518,1.6625600521969486
FKID000100,28910.932489207644,5482.23001768501,152445.6122275521,1.6625600521969486
FKID000088,32.14932918563325,5.28686432235673,173.7895244931172,1.6625600521969486
FKID000099,12007.60465047092,2276.465939523523,63317.87698021151,1.6625600521969486
FKID000095,271.3532092689018,50.652558784631296,1435.0618785286717,1.6625600521969486
FKID000110,19834.763513807316,3760.908823051148,104588.8592131668,1.6625600521969486
FKID000109,10239.477442533327,1941.1355984863753,53994.90962276962,1.6625600521969486
FKID000113,192.70652181627727,35.73699139415348,1020.3742380692444,1.6625600521969486
FKID000122,160.05991045051775,29.54546893251068,848.2354401774977,1.6625600521969486
FKID000142,2560.7170457226757,484.83690513130745,13506.401667175718,1.6625600521969486
FKID000143,44.3216068292878,7.595371309366229,237.97141515576934,1.6625600521969486
FKID000144,27616.287137465995,5236.696853909947,145619.21631012822,1.6625600521969486
FKID000157,44.932283891508625,7.711187946664024,241.19138840852207,1.6625600521969486
FKID000163,157.1704896245078,28.997482075775455,833.0001245724486,1.6625600521969486
FKID000161,50.71753093295147,8.808376460410175,271.69579390603246,1.6625600521969486
FKID000172,35.32500658138616,5.8891405496333435,190.53421150740996,1.6625600521969486
FKID000197,34.12792041943181,5.662109762969961,184.2222249253113,1.6625600521969486
FKID000186,46.22255234542957,7.955891019350442,247.99470585323988,1.6625600521969486
FKID000185,48.348660900782,8.359113538492567,259.2052344684572,1.6625600521969486
FKID000187,33.26453648007322,5.498366549511457,179.6697808209255,1.6625600521969486
FKID000189,22.96424773293814,3.5448875674269216,125.35849861754917,1.6625600521969486
FKID000192,166.79578735559383,30.822947096764533,883.7523194087274,1.6625600521969486
FKID000201,1393.8973142817981,263.5462328785264,7354.003683927009,1.6625600521969486
FKID000205,37.38768187766535,6.2803327712365595,201.41026972872066,1.6625600521969486
FKID000208,29.85717666174572,4.852151093526933,161.7034805351105,1.6625600521969486
FKID000216,15143.025157579954,2871.10733366288,79850.29778591136,1.6625600521969486
FKID000218,43.3953796841933,7.419709703658182,233.08761188611385,1.6625600521969486
FKID000226,282.74910439681963,52.81382262498905,1495.1500655151347,1.6625600521969486
FKID000243,1021.7918345088535,192.97537300266998,5391.968811167524,1.6625600521969486
FKID000244,162.14978167238658,29.94181893855489,859.2548968632348,1.6625600521969486
FKID000246,162.14978167238658,29.94181893855489,859.2548968632348,1.6625600521969486
FKID000250,48.5375877466829,8.394944050789768,260.2014064686229,1.6625600521969486
FKID000254,45.3853734516829,7.797117667134101,243.5804355090583,1.6625600521969486
FKID000257,163.43681847736,30.185909119850447,866.0411744945765,1.6625600521969486
FKID000255,102.35900393913568,18.602328319237984,543.9905501687649,1.6625600521969486
FKID000267,50.5841192086535,8.783074548417442,270.99234160625076,1.6625600521969486
FKID000283,915.0256350247406,172.7268603823542,4829.012826892189,1.6625600521969486
FKID000299,46.12777211572668,7.937915679902483,247.49494939698275,1.6625600521969486
FKID000328,20.651243278456167,3.106219710804437,113.16250676246864,1.6625600521969486
FKID000337,4240.707772159255,803.4519124148262,22364.643672083625,1.6625600521969486
FKID000349,25.243736253238,3.977199032049435,137.37776791616918,1.6625600521969486
FKID000348,168.73424329868598,31.190580765634316,893.9733947929852,1.6625600521969486
FKID000355,32.41059430335761,5.336413993123808,175.16712116899416,1.6625600521969486
FKID000412,64.90330926995074,11.4987495660715,346.4944553270147,1.6625600521969486
FKID000393,2772.7080474649124,525.0416000151945,14624.186168450165,1.6625600521969486
FKID000399,19.41858688593248,2.8724429290033524,106.66296574593443,1.6625600521969486
FKID000404,18.77372074149727,2.750142235271591,103.26272056702472,1.6625600521969486
FKID000410,19.41858688593248,2.8724429290033524,106.66296574593443,1.6625600521969486
FKID000413,39.867440296902735,6.750625990344108,214.485520589126,1.6625600521969486
FKID000420,34.97182970673097,5.822159553417182,188.67198323614528,1.6625600521969486
FKID000421,83.42944138300865,15.012283078638902,444.1789003003826,1.6625600521969486
FKID000427,7915.39419939983,1500.3666181663893,41740.501617259164,1.6625600521969486
FKID000426,76.73224724462493,13.742141210828525,408.86598725979184,1.6625600521969486
FKID000425,238.5635509188473,44.43390705660278,1262.1688236133477,1.6625600521969486
FKID000430,38.677647529313155,6.524978416612848,208.21199055997337,1.6625600521969486
FKID000441,7130.1273106329345,1351.4385249651466,37599.95248822155,1.6625600521969486
FKID000443,739.5212976392997,139.4419649038182,3903.6149249830373,1.6625600521969486
FKID000453,6275.3325398904,1189.324271701542,33092.797285152046,1.6625600521969486
FKID000456,238.58943646714567,44.438816324273034,1262.305312730609,1.6625600521969486
FKID000457,181.39487438913798,33.59170536925312,960.7302717026389,1.6625600521969486
FKID000477,238.58943646714567,44.438816324273034,1262.305312730609,1.6625600521969486
FKID000480,238.58943646714567,44.438816324273034,1262.305312730609,1.6625600521969486
FKID000485,14595.316285765215,2767.2327923118996,76962.34271662295,1.6625600521969486
FKID000492,204.14195522055107,37.90575378078944,1080.670902171033,1.6625600521969486
FKID000494,21999.91277506881,4171.535522824647,116005.2413581345,1.6625600521969486
FKID000493,21999.91277506881,4171.535522824647,116005.2413581345,1.6625600521969486
FKID000513,315.4029236612351,59.00671208506027,1667.3268691587205,1.6625600521969486
FKID000515,109.71677655661495,19.997750769623234,582.7865562639668,1.6625600521969486
FKID000525,94.93011646974965,17.19341873544081,504.81957023685015,1.6625600521969486
FKID000527,17500.31620593421,3318.174268451177,92279.80364789706,1.6625600521969486
FKID000530,16631.465316236117,3153.394232351436,87698.5334503822,1.6625600521969486
FKID000528,24696.957331807163,4683.0376743346515,130226.19687036113,1.6625600521969486
FKID000529,17500.31620593421,3318.174268451177,92279.80364789706,1.6625600521969486
FKID000531,21.420742514411312,3.2521574239182156,117.21991633468728,1.6625600521969486
FKID000544,51.81889756370921,9.017253766432583,277.5030712902807,1.6625600521969486
FKID000542,15927.197761962134,3019.8278927261545,83985.07698077644,1.6625600521969486
FKID000539,50.365612654456264,8.741634160526305,269.8402019507878,1.6625600521969486
FKID000541,28.29530405681766,4.555937523080258,153.46805084042694,1.6625600521969486
FKID000543,38466.71649031397,7294.511562577907,202831.275610333,1.6625600521969486
FKID000553,430.03819540410336,80.74761658324996,2271.7748362916186,1.6625600521969486
FKID000557,169.24945489201858,31.288292105928676,896.6899984656471,1.6625600521969486
FKID000559,17144.772253712646,3250.7443492593216,90405.09426849446,1.6625600521969486
FKID000564,48265.439470999394,9152.867174148676,254497.90575065167,1.6625600521969486
FKID000567,43.39625966571382,7.419876594649994,233.09225184581476,1.6625600521969486
FKID000568,29.362515233839776,4.758337150405101,159.09523361449882,1.6625600521969486
FKID000582,47.46971273665684,8.192418525652478,254.57072344106314,1.6625600521969486
FKID000597,196.84547541761893,36.52195568656643,1042.198080350528,1.6625600521969486
FKID000612,38.34986532961595,6.462813592545365,206.48366313284654,1.6625600521969486
FKID000615,60.72442880243799,10.706213030219502,324.46008697706026,1.6625600521969486
FKID000631,38.675344036277735,6.524541552623834,208.19984471985447,1.6625600521969486
FKID000633,27.77531399400547,4.457319932492911,150.7262512911474,1.6625600521969486
FKID000634,21.508299249553236,3.2687628071301447,117.6815848051388,1.6625600521969486
FKID000655,33.74672727073714,5.589815400902024,182.21227266271,1.6625600521969486
FKID000668,19.540551316075547,2.895573829184443,107.30605884234072,1.6625600521969486
FKID000673,19.540551316075547,2.895573829184443,107.30605884234072,1.6625600521969486
FKID000674,33.40203942087901,5.524444372321389,180.39480525521367,1.6625600521969486
FKID000697,34.816432236009724,5.79268798224327,187.85260466402727,1.6625600521969486
FKID000700,41.21157432527449,7.005544822037944,221.5728600148642,1.6625600521969486
FKID000706,168.19890951032502,31.08905319396758,891.150690967254,1.6625600521969486
FKID000714,54.047319483279125,9.43988030535433,289.25307701469427,1.6625600521969486
FKID000712,24.911338442913753,3.9141588443323725,135.62510333331207,1.6625600521969486
FKID000717,22.258109495330693,3.410966447400452,121.63517842344679,1.6625600521969486
FKID000720,26.900968593092976,4.29149784675382,146.11600967773725,1.6625600521969486
FKID000721,26.900968593092976,4.29149784675382,146.11600967773725,1.6625600521969486
FKID000725,50.87849734046055,8.838904196244581,272.5445363246293,1.6625600521969486
FKID000744,71.95151997223931,12.835462721035588,383.6582057691875,1.6625600521969486
FKID000755,24.33408366802843,3.804680838644419,132.58135885665723,1.6625600521969486
FKID000763,45.77484152405294,7.870981391952441,245.63401972470248,1.6625600521969486
FKID000766,45.90381557110013,7.895441685865187,246.3140730744728,1.6625600521969486
FKID000778,60.96778708698079,10.752366619273278,325.7432646425417,1.6625600521969486
FKID000781,25.521397979819493,4.029858366202287,138.84182050339774,1.6625600521969486
FKID000775,46.37603169223241,7.984998812881647,248.80397055651494,1.6625600521969486
FKID000791,24.123910757278498,3.764820949875017,131.47316077139286,1.6625600521969486
FKID000798,180.87709880598538,33.49350776101554,958.000148644444,1.6625600521969486
FKID000807,38.23179861134621,6.440421904478582,205.8611218612189,1.6625600521969486
FKID000808,602.6008507933674,113.47461372586747,3181.661860305099,1.6625600521969486
FKID000826,1264.2358755608443,238.95557318477015,6670.3258606982,1.6625600521969486
FKID000829,648.5033455352924,122.18015207580315,3423.6961767179396,1.6625600521969486
FKID000830,10186.230683580317,1931.0371995936493,53714.15052728151,1.6625600521969486
FKID000841,26.36022042666154,4.188943422925811,143.26475696152733,1.6625600521969486
FKID000846,1486.5372060502514,281.1156511652314,7842.474583009929,1.6625600521969486
FKID000845,26.098039013655224,4.139219974159046,141.8823288510311,1.6625600521969486
FKID000843,31.67736023348624,5.197354071639527,171.3009302817735,1.6625600521969486
FKID000970,356.8953843869983,66.87587497287645,1886.1079925923952,1.6625600521969486
FKID000844,26.098039013655224,4.139219974159046,141.8823288510311,1.6625600521969486
FKID000869,27.21282346456065,4.350642007837869,147.76035561274693,1.6625600521969486
FKID000887,1515.1054940465276,286.5337080299371,7993.109229234247,1.6625600521969486
FKID000890,1651.8388605062737,312.46557888191387,8714.075857910404,1.6625600521969486
FKID000895,458.15059790176326,86.07921346982793,2420.0056930129876,1.6625600521969486
FKID000896,24.210140301047556,3.7811746274779336,131.9278312375206,1.6625600521969486
FKID000907,53.4204437386126,9.320991541976191,285.9476914754293,1.6625600521969486
FKID000909,529.648148318747,99.63892673990054,2796.9974194465776,1.6625600521969486
FKID000914,48.04259797623272,8.301067836572935,257.5914282660038,1.6625600521969486
FKID000915,45.773331635413555,7.8706950372885345,245.62605839565614,1.6625600521969486
FKID001282,101.99091154943606,18.532518553279388,542.049675486057,1.6625600521969486
FKID000931,1226.4350882333679,231.78654662995498,6471.010163978207,1.6625600521969486
FKID000968,16344.35888715415,3098.9436835754163,86184.68090944139,1.6625600521969486
FKID000988,175.84801157966388,32.53972710137904,931.4828167249751,1.6625600521969486
FKID000990,29.311879311546782,4.748733904091705,158.82824091819725,1.6625600521969486
FKID000998,1108.5273552020583,209.4250105646714,5849.307188476186,1.6625600521969486
FKID000999,44.96739552043312,7.717846966698762,241.37652473177988,1.6625600521969486
FKID001011,27.14431895686279,4.337649933610528,147.39914557862863,1.6625600521969486
FKID001010,28.576335822856876,4.6092359947768315,154.94987294543495,1.6625600521969486
FKID001014,5534.882104033278,1048.8957459357437,29188.55599962163,1.6625600521969486
FKID001012,57.13132944095461,10.024771542945523,305.5144206761451,1.6625600521969486
FKID001009,32.72037514874158,5.395164809277218,176.8005311954392,1.6625600521969486
FKID001013,41.06425471266349,6.977605239570951,220.79607431001372,1.6625600521969486
FKID001025,387.44941036960347,72.67053268008735,2047.213022589939,1.6625600521969486
FKID001027,2764.472478799248,523.4797010540261,14580.761726195504,1.6625600521969486
FKID001035,28.64114353801188,4.621526961810881,155.29159056065402,1.6625600521969486
FKID001057,35.774511245372175,5.974390384371218,192.90435619527315,1.6625600521969486
FKID001058,3515.804596334471,665.9719686206374,18542.37985804307,1.6625600521969486
FKID001068,36.17674644086197,6.0506754303086465,195.0252587981689,1.6625600521969486
FKID001079,37.557753820823066,6.31258739773849,202.3070237446977,1.6625600521969486
FKID001080,36.546207052251845,6.120744683392349,196.9733478295379,1.6625600521969486
FKID001091,28.49677758140468,4.594147548584321,154.5303788701531,1.6625600521969486
FKID001095,430.7918186542492,80.89054337061604,2275.748535089632,1.6625600521969486
FKID001099,33.30867658702984,5.50673784601814,179.90252243276373,1.6625600521969486
FKID001106,1103.9635907372026,208.55947968683464,5825.243406785652,1.6625600521969486
FKID001107,1025.479052394409,193.67466433504183,5411.410744888405,1.6625600521969486
FKID001118,7789.3616902174645,1476.4641952546428,41075.95838540978,1.6625600521969486
FKID001132,26.127928280938058,4.144888558492971,142.03992874653918,1.6625600521969486
FKID001145,27.533627691821543,4.4114834396367915,149.4518896412129,1.6625600521969486
FKID001159,49.85912039714781,8.645576467045059,267.1695735251374,1.6625600521969486
FKID001162,518.5564676985022,97.53535804395808,2738.51329234447,1.6625600521969486
FKID001170,26.224860872089273,4.1632720993957015,142.551034157461,1.6625600521969486
FKID001178,212.61840808359136,39.51333711336204,1125.3654767436387,1.6625600521969486
FKID001195,1633.979259906866,309.078454961813,8619.905895105838,1.6625600521969486
FKID001198,12.154050397987145,1.4947029750885128,68.35857438765697,1.6625600521969486
FKID001197,27.894506723052512,4.479925171698022,151.3547297836231,1.6625600521969486
FKID001223,43.86268465440425,7.508335416969825,235.55161388986596,1.6625600521969486
FKID001225,28.212066346556313,4.5401512551897,153.02915569069398,1.6625600521969486
FKID001240,27.764451995675405,4.455259923694894,150.66897823103432,1.6625600521969486
FKID001256,1435.0086399943286,271.3431124298297,7570.775161634298,1.6625600521969486
FKID001254,28.000185969376126,4.499967540567839,151.91195448974787,1.6625600521969486
FKID001255,53.60661431901719,9.356299320702686,286.9293302603744,1.6625600521969486
FKID001265,32.873831052983064,5.424268156860157,177.6096722909595,1.6625600521969486
FKID001266,3385.236371901986,641.2093344442023,17853.920742183927,1.6625600521969486
FKID001267,2119.67838160955,401.19267128676915,11180.896437440246,1.6625600521969486
FKID001272,31.4477792298947,5.153813383003329,170.09039735588232,1.6625600521969486
FKID001274,25.14902867971792,3.959237472052666,136.8783945608662,1.6625600521969486
FKID001324,113.94285386569015,20.799238320371654,605.0697837521576,1.6625600521969486
FKID001329,30.71445943823244,5.014737204138219,166.22375447547097,1.6625600521969486
FKID001331,20.832358343841292,3.140568696765351,114.11748886723244,1.6625600521969486
FKID001356,5975.0324799404025,1132.371513402003,31509.377470229716,1.6625600521969486
FKID001355,315.7388571241684,59.07042281932498,1669.0981765030915,1.6625600521969486
FKID001375,1488.0833529575746,281.4088823125146,7850.627094368882,1.6625600521969486
FKID001373,35.786025966860024,5.976574183967839,192.96507092896388,1.6625600521969486
FKID001371,30.2445065836194,4.92560931203786,163.74579072748685,1.6625600521969486
FKID001374,291.47650354000706,54.46899863150843,1541.167827677287,1.6625600521969486
FKID001380,234.28522581288843,43.62251056295207,1239.6101043490796,1.6625600521969486
FKID001388,31.13550810296666,5.094590277890334,168.44385659232628,1.6625600521969486
FKID001387,48.89973756455655,8.463626791142914,262.11094720493554,1.6625600521969486
FKID001400,1697.1433939065964,321.05771216704045,8952.957248423041,1.6625600521969486
FKID001405,24.106388375679387,3.761497780494989,131.38076889430405,1.6625600521969486
FKID001404,60.75825736804002,10.712628713655175,324.6384579740346,1.6625600521969486
FKID001415,93.26336522321051,16.877314633079312,496.0311372583286,1.6625600521969486
FKID001414,29.10325007806795,4.709166778096072,157.72818232241335,1.6625600521969486
FKID001426,45.93079261709958,7.900557959170952,246.45631743230174,1.6625600521969486
FKID001425,88.50832425208628,15.975507623190811,470.9587942967616,1.6625600521969486
FKID001424,41.936186946924536,7.142969661408612,225.39359179711752,1.6625600521969486
FKID001434,120.68458781414887,22.077827289519043,640.6175459560731,1.6625600521969486
FKID001432,35.40076676402586,5.9035086831972405,190.9336792077956,1.6625600521969486
FKID001437,49.99295856472126,8.670959255214777,267.87527437169746,1.6625600521969486
FKID001466,26.76406773472225,4.265534210585763,145.39415989901866,1.6625600521969486
FKID001468,33.69420445822772,5.579854300506112,181.9353307863857,1.6625600521969486
FKID001469,19.147847790213564,2.8210964914326015,105.23541475274831,1.6625600521969486
FKID001470,26.59559338506029,4.233582572222563,144.50582966157108,1.6625600521969486
FKID001489,20793.638575339282,3942.7621987313883,109644.80816208605,1.6625600521969486
FKID001496,23.081347935137217,3.5670959529789643,125.97594365077455,1.6625600521969486
FKID001503,37.11612830945566,6.228831866647335,199.97842419133485,1.6625600521969486
FKID001504,78.57293197408255,14.0912322916625,418.5715353510362,1.6625600521969486
FKID001512,310.97153791965775,58.16628720764227,1643.961092968247,1.6625600521969486
FKID001507,33.07053934812696,5.461574443081712,178.64687425602852,1.6625600521969486
FKID001525,5858.748179020176,1110.3178658421482,30896.234514906515,1.6625600521969486
FKID001520,230.34218380726938,42.87470146045524,1218.8192632023693,1.6625600521969486
FKID001523,496.3718392667867,93.32798032566208,2621.538356504242,1.6625600521969486
FKID001530,22.892578099483657,3.5312952181206,124.98059953301697,1.6625600521969486
FKID001540,1461.4877894662452,276.3649582466524,7710.394214534594,1.6625600521969486
FKID001543,34.49672784785481,5.732055138050961,186.16686985862478,1.6625600521969486
FKID001548,22.898004577228065,3.5323243650193596,125.0092122225621,1.6625600521969486
FKID001547,42.8178268017255,7.310175161021503,230.04229555012213,1.6625600521969486
FKID001560,38.2212776318919,6.438426570877798,205.80564692277525,1.6625600521969486
FKID001559,38.2212776318919,6.438426570877798,205.80564692277525,1.6625600521969486
FKID001564,38.525641975311615,6.496150132067453,207.41049685989086,1.6625600521969486
FKID001567,44.273642941786754,7.5862748220315,237.71851154368713,1.6625600521969486
FKID001566,38.24818790987369,6.4435301814396,205.9475392267214,1.6625600521969486
FKID001571,22.298005294695106,3.4185327989314738,121.84554068330215,1.6625600521969486
FKID001583,11520.423657556725,2184.0706821193403,60749.07283890593,1.6625600521969486
FKID001604,21.53286570915213,3.273421905886382,117.81111864178827,1.6625600521969486
FKID001606,80.73059963451122,14.500440084613283,429.9484685694598,1.6625600521969486
FKID001630,39.265089562022126,6.6363884646475855,211.3094503302594,1.6625600521969486
FKID001695,16.408619642662742,2.3015941022531505,90.79203393175496,1.6625600521969486
FKID001704,113.9116985731805,20.79332963076184,604.9055083687039,1.6625600521969486
FKID001705,371.9716271254941,69.73512717846609,1965.601887767401,1.6625600521969486
FKID001713,34.6394377263196,5.759120471359636,186.91934939320748,1.6625600521969486
FKID001716,23.137341515156958,3.5777152942795336,126.27118616296873,1.6625600521969486
FKID001723,5766.705379304169,1092.8616877570973,30410.911958142722,1.6625600521969486
FKID001730,34.59629381785347,5.75093810672282,186.6918605290034,1.6625600521969486
FKID001726,497.09271048000363,93.4646955963093,2625.3393606172776,1.6625600521969486
FKID001733,23992.29422832509,4549.396317679911,126510.65475197474,1.6625600521969486
FKID001750,23.45465999868204,3.6378956448901505,127.94434058903971,1.6625600521969486
FKID001770,585.6142152900209,110.25305011277479,3092.094861053282,1.6625600521969486
FKID001774,41.24486750091461,7.011858967248477,221.7484080118211,1.6625600521969486
FKID001778,1762.7385118010711,333.49801236443614,9298.826674668142,1.6625600521969486
FKID001788,29.718262537002442,4.825805635679828,160.97101522115844,1.6625600521969486
FKID001796,23.17749149747469,3.5853298523287496,126.48288867671873,1.6625600521969486
FKID001809,43.59734529305579,7.458013054341096,234.15253457397134,1.6625600521969486
FKID001821,15716.328426316768,2979.835924999626,82873.20679175292,1.6625600521969486
FKID001826,38.42865662345079,6.4777565849464676,206.89911325271083,1.6625600521969486
FKID001839,25.41984374692372,4.01059831783143,138.3063461359161,1.6625600521969486
FKID001840,142.58641200020332,26.2315703803298,756.1013137745614,1.6625600521969486
FKID001844,28.028592632483626,4.5053549448138694,152.06173692151876,1.6625600521969486
FKID001865,23.904348339945667,3.7231803145448037,130.31545376902022,1.6625600521969486
FKID001870,28.841328032186382,4.65949251904032,156.3471218008705,1.6625600521969486
FKID002022,48.70388393506143,8.426482594686274,261.0782517142365,1.6625600521969486
FKID002025,30.155559336926817,4.908740214365566,163.27679037857152,1.6625600521969486
FKID002038,48.83516384448606,8.45138020194047,261.7704633971737,1.6625600521969486
FKID002041,29.999097506822984,4.879066784415233,162.4517996605988,1.6625600521969486
FKID002052,26.2822820007711,4.1741621793498895,142.85380383711126,1.6625600521969486
FKID002053,3717.4619082504278,704.216849913024,19605.676960164412,1.6625600521969486
FKID002071,13.098030815406807,1.6737315392578034,73.33598697322164,1.6625600521969486
FKID002070,41.413492288159844,7.043839136526126,222.63753147538492,1.6625600521969486
FKID002105,499.2918723207237,93.88177287826832,2636.93508402605,1.6625600521969486
FKID002106,634.5836049717473,119.54023378860775,3350.300277194758,1.6625600521969486
FKID002108,1570.9489913601226,297.124585719511,8287.560386505515,1.6625600521969486
FKID002107,1570.9489913601226,297.124585719511,8287.560386505515,1.6625600521969486
FKID002127,1258.8499741906799,237.93412171049732,6641.92712194285,1.6625600521969486
FKID002137,19769.282870633295,3748.490233309243,104243.59338833523,1.6625600521969486
FKID002134,29.93831654063127,4.867539501745673,162.1313142559202,1.6625600521969486
FKID002136,30.032876640058532,4.885473092862365,162.62991001097626,1.6625600521969486
FKID002145,46.75279423007381,8.05645289703193,250.7905611287508,1.6625600521969486
FKID002156,28.777204059063322,4.647331225622358,156.0090094153068,1.6625600521969486
FKID002175,28.812642036485787,4.654052138575563,156.19586650638058,1.6625600521969486
FKID002192,39.82834541779702,6.7432115356123035,214.2793814153666,1.6625600521969486
FKID002190,72.36098190668896,12.9131183385185,385.8172134649304,1.6625600521969486
FKID002191,21.101377295148907,3.1915889040685705,115.5359698963772,1.6625600521969486
FKID002207,41.73321210406963,7.104474906635913,224.32334762813286,1.6625600521969486
FKID002205,21.714052288347816,3.3077844546443496,118.76647782401487,1.6625600521969486
FKID002223,37.08842668937042,6.223578175810632,199.83235930491523,1.6625600521969486
FKID002225,89.04378349761363,16.077058988165067,473.7821596320617,1.6625600521969486
FKID002226,47.414034774936454,8.18185904225777,254.2771451185772,1.6625600521969486
FKID002236,31.258058646567633,5.117832336151479,169.0900401432041,1.6625600521969486
FKID002235,31.614340450085592,5.185402190934927,170.96864005916993,1.6625600521969486
FKID002244,33.2876234406245,5.502745057076082,179.79151356653108,1.6625600521969486
FKID002245,7571.039107742782,1435.0586981226004,39924.78877461121,1.6625600521969486
FKID002249,29.42439590206741,4.770072994685549,159.42151751949913,1.6625600521969486
FKID002254,77.94957838560269,13.973011515197271,415.2847214094529,1.6625600521969486
FKID002261,33.57145781168744,5.556575050766195,181.2881132254584,1.6625600521969486
FKID002263,18856.94907537473,3575.4635408120325,99433.04686538005,1.6625600521969486
FKID002264,33.57145781168744,5.556575050766195,181.2881132254584,1.6625600521969486
FKID002270,28.443633601930344,4.584068642111304,154.25016170949894,1.6625600521969486
FKID002278,41.522476631288065,7.064508326381263,223.21218327017397,1.6625600521969486
FKID002276,39.89288945712027,6.75545249577683,214.61970872271561,1.6625600521969486
FKID002286,226.54004261235883,42.15361459643491,1198.771362751878,1.6625600521969486
FKID002304,41.536427517275875,7.067154151486527,223.2857433930474,1.6625600521969486
FKID002311,108.34961582584943,19.738464858495295,575.577801821366,1.6625600521969486
FKID002330,6592.427756240339,1249.4622790590004,34764.77446980255,1.6625600521969486
FKID002334,28.85807382087217,4.662668405371198,156.43541886490044,1.6625600521969486
FKID002348,3254.225845755637,616.3628164929544,17163.129461296176,1.6625600521969486
FKID002349,36.87250677034891,6.18262835061867,198.69385843924096,1.6625600521969486
FKID002353,1206.1316325274329,227.93593865585737,6363.954261020579,1.6625600521969486
FKID002367,51.83579498314549,9.020458409965459,277.5921678717497,1.6625600521969486
FKID002368,28.391463293425506,4.574174395099887,153.97507851354172,1.6625600521969486
FKID002380,8227.259038407896,1559.512669622751,43384.90010903821,1.6625600521969486
FKID002401,30.84748102520372,5.039965125480152,166.92514966219798,1.6625600521969486
FKID002414,42.07314385530152,7.168943927619365,226.11573711587192,1.6625600521969486
FKID002418,44352.58276306998,8410.78279899224,233866.22540626943,1.6625600521969486
FKID002420,21.369245627876857,3.2423908932939334,116.94838395284546,1.6625600521969486
FKID002434,52.8973319735902,9.221781911708629,283.1894318390731,1.6625600521969486
FKID002437,30.260429424488645,4.928629123980685,163.8297485586854,1.6625600521969486
FKID002442,80870.41221058634,15336.492752212007,426417.15181893617,1.6625600521969486
FKID002447,147.115463921999,27.090517925898197,779.9820634386729,1.6625600521969486
FKID002444,59.72419364256868,10.51651559455391,319.186054824077,1.6625600521969486
FKID002446,31.008380389763055,5.0704801464289435,167.7735385772521,1.6625600521969486
FKID002453,22.06841300874784,3.3749899705645046,120.63494826789355,1.6625600521969486
FKID002466,28.187049701193803,4.535406777426247,152.8972481180599,1.6625600521969486
FKID002455,34.938462925728686,5.815831448740903,188.4960471334087,1.6625600521969486
FKID002467,46.02627502217134,7.91866646816964,246.95977631336984,1.6625600521969486
FKID002476,28.314263359433298,4.559533208607514,153.56801930344926,1.6625600521969486
FKID002477,46.29463239055855,7.96956120439514,248.37476895324966,1.6625600521969486
FKID002495,198.1454763653347,36.76850455431143,1049.0527152126501,1.6625600521969486
FKID002505,51.14699760498194,8.889826033127315,273.9602824261314,1.6625600521969486
FKID002581,326.7216088546609,61.153332842302504,1727.0079442045346,1.6625600521969486
FKID002506,29.22714815154224,4.732664399220539,158.38147111830145,1.6625600521969486
FKID002521,29.871248818181964,4.85481991791678,161.77768009185894,1.6625600521969486
FKID002528,46.61135188213138,8.029627954482715,250.04476501922463,1.6625600521969486
FKID002532,32.76812181695502,5.404220100357817,177.0522894553552,1.6625600521969486
FKID002533,185.3505769462425,34.34191558125626,981.5878693065184,1.6625600521969486
FKID002544,10.560027977960374,1.1923921010016167,59.95362539856556,1.6625600521969486
FKID002535,1427.563424213894,269.9311061355201,7531.518085911177,1.6625600521969486
FKID002534,1427.563424213894,269.9311061355201,7531.518085911177,1.6625600521969486
FKID002545,1452.52334769898,274.66482643400354,7663.126575872221,1.6625600521969486
FKID002542,29.55925584531787,4.795649565511116,160.1326059768828,1.6625600521969486
FKID002556,43.96763830194085,7.528240173971215,236.1050126643634,1.6625600521969486
FKID002550,8441.439314089197,1600.1325665199977,44514.22819687066,1.6625600521969486
FKID002560,72.13915615741587,12.871048455864901,384.6475723835483,1.6625600521969486
FKID002569,26.42142704746546,4.200551432200126,143.58748675452662,1.6625600521969486
FKID002573,42.180070050216706,7.189222783827081,226.67953672280908,1.6625600521969486
FKID002585,28.772503286578917,4.646439710784931,155.98422321879897,1.6625600521969486
FKID002598,172.27756154666008,31.862581123505763,912.6565756266904,1.6625600521969486
FKID002592,84.01128373046271,15.122631130479135,447.2468340939126,1.6625600521969486
FKID002599,41.90629086785521,7.137299785200053,225.23595598447477,1.6625600521969486
FKID002614,41.86456135275058,7.1293856642767786,225.0159249225603,1.6625600521969486
FKID002619,305.9659681836272,57.21696670675696,1617.567763888238,1.6625600521969486
FKID002693,119.42485519950141,21.838915425378858,633.9752376466153,1.6625600521969486
FKID002626,33.24243684554668,5.494175291128399,179.55325404028585,1.6625600521969486
FKID002627,21.555082069536123,3.2776353016594486,117.92826089361914,1.6625600521969486
FKID002630,30.71283446610284,5.01442902356391,166.21518633509461,1.6625600521969486
FKID002634,20.49010236387031,3.0756588792078565,112.31284420431786,1.6625600521969486
FKID002643,29.624929110560707,4.808104686574826,160.47888745785716,1.6625600521969486
FKID002651,20.156088164262847,3.0123121386776504,110.55165673664982,1.6625600521969486
FKID002656,98.47042826093498,17.864848910253162,523.4868986486374,1.6625600521969486
FKID002660,17.53684918584381,2.515566035824825,96.7409538712019,1.6625600521969486
FKID002665,248.12635758416752,46.24752046968664,1312.591516045246,1.6625600521969486
FKID002699,27.276910536575475,4.362796302855969,148.09827342643476,1.6625600521969486
FKID002703,84.35838576696719,15.188460016406129,449.0770310059365,1.6625600521969486
FKID002709,50.36854563850574,8.742190409271956,269.85566696621794,1.6625600521969486
FKID002712,57.35406456143406,10.067013890428228,306.68885668293416,1.6625600521969486
FKID002711,38.42652312434834,6.477351960789103,206.88786375527653,1.6625600521969486
FKID002710,34.514378817428224,5.735402694505111,186.259939753382,1.6625600521969486
FKID002713,5253.611585518347,995.5519941548276,27705.47500242111,1.6625600521969486
FKID002736,21.034185785771594,3.178845843697606,115.18168302956703,1.6625600521969486
FKID002758,32.11920052029881,5.281150335503162,173.63066230142906,1.6625600521969486
FKID002767,1106.2010413379471,208.98381854075473,5837.041018869781,1.6625600521969486
FKID002765,26.124623411214124,4.144261780574145,142.0225028552239,1.6625600521969486
FKID002768,34.91307762807076,5.811017055023783,188.36219573382544,1.6625600521969486
FKID002786,97.52313529499024,17.685192111858623,518.4920196830348,1.6625600521969486
FKID002805,2873.586733273093,544.1735289644098,15156.098516514943,1.6625600521969486
FKID002795,25.596148845187386,4.0440350798822235,139.2359662835411,1.6625600521969486
FKID002797,46.00199752981308,7.914062172870368,246.8317661409339,1.6625600521969486
FKID002814,14.248402487937529,1.8919027904762942,79.40165775968029,1.6625600521969486
FKID002823,32.15526407015105,5.287989890042378,173.82081790593344,1.6625600521969486
FKID002846,30.89430032116255,5.0488445377817746,167.17201808091988,1.6625600521969486
FKID002849,19.80136105439941,2.945037135956338,108.6812543972649,1.6625600521969486
FKID002848,19.71547831132239,2.9287492300885156,108.22841253912252,1.6625600521969486
FKID002851,39.646410325600876,6.708707029240321,213.32007547962655,1.6625600521969486
FKID002857,47.508054709456125,8.199690189567328,254.77289269631967,1.6625600521969486
FKID002877,356.3715932952964,66.77653650637697,1883.3461510076177,1.6625600521969486
FKID002861,33.649805972967464,5.5714340018211415,181.70122679944237,1.6625600521969486
FKID002883,1262.844760836411,238.69174433078712,6662.990801824542,1.6625600521969486
FKID002890,44.402352333848654,7.610684923375478,238.39716942271457,1.6625600521969486
FKID002893,22.29035012544949,3.4170809743668684,121.80517656658469,1.6625600521969486
FKID002897,82.98314946780057,14.927642550821103,441.82569576922907,1.6625600521969486
FKID002904,28.485963586266124,4.592096643727755,154.47335892089393,1.6625600521969486
FKID002910,41.62170095104123,7.083326500114826,223.73537248980153,1.6625600521969486
FKID002920,43.19966467050343,7.382591796082252,232.0556472877521,1.6625600521969486
FKID002918,27.677166351032934,4.438705953565251,150.2087391644548,1.6625600521969486
FKID002922,25.46523562007598,4.019207015348289,138.54568805079194,1.6625600521969486
FKID002935,31.842525517757508,5.228678136363798,172.17181250502696,1.6625600521969486
FKID002937,15.56039364767014,2.1407256359456728,86.3195145182485,1.6625600521969486
FKID002938,28.76332958718238,4.644699892669242,155.93585220814037,1.6625600521969486
FKID002947,40.35580237361139,6.843245243640561,217.0605523398551,1.6625600521969486
FKID002950,39.307549225773776,6.644441060333148,211.53333131426763,1.6625600521969486
FKID002962,30.194355958025604,4.91609810362022,163.4813568998372,1.6625600521969486
FKID002963,30.194355958025604,4.91609810362022,163.4813568998372,1.6625600521969486
FKID002972,109.4351748264596,19.944344202615092,581.3017288566108,1.6625600521969486
FKID002977,18.94272035272582,2.782193490981025,104.15382039956559,1.6625600521969486
FKID002986,808.9892474518226,152.6167586614216,4269.904989172477,1.6625600521969486
FKID002982,35.552742183212516,5.932331252589501,191.73501401326098,1.6625600521969486
FKID002987,237.43298488005226,44.219492000009446,1256.2075838180442,1.6625600521969486
FKID002990,29.329951432359973,4.752161333073255,158.92353145592816,1.6625600521969486
FKID002988,38.916012351423646,6.570184981350238,209.46883873567148,1.6625600521969486
FKID002994,29.746781802789204,4.831214395343427,161.1213913834585,1.6625600521969486
FKID002993,1095.0885650298815,206.87630588362103,5778.447240427058,1.6625600521969486
FKID002995,1095.0885650298815,206.87630588362103,5778.447240427058,1.6625600521969486
FKID002991,200.73500722701024,37.25961642854403,1062.7067733517417,1.6625600521969486
FKID002997,440.9073485567362,82.80898231366531,2329.085622297354,1.6625600521969486
FKID003004,440.9073485567362,82.80898231366531,2329.085622297354,1.6625600521969486
FKID003000,851.6531767108397,160.7080938799428,4494.863022755356,1.6625600521969486
FKID003003,851.6531767108397,160.7080938799428,4494.863022755356,1.6625600521969486
FKID003006,1047.2147935123646,197.7969093008217,5526.018791200229,1.6625600521969486
FKID003008,486.97209195626255,91.54529158180306,2571.975442167081,1.6625600521969486
FKID003011,486.97209195626255,91.54529158180306,2571.975442167081,1.6625600521969486
FKID002999,812.7999777672565,153.33947447651593,4289.9981782707,1.6625600521969486
FKID003012,19584.762935228555,3713.495504089733,103270.6581114768,1.6625600521969486
FKID003015,19584.762935228555,3713.495504089733,103270.6581114768,1.6625600521969486
FKID003014,486.97209195626255,91.54529158180306,2571.975442167081,1.6625600521969486
FKID003013,76.3466010806638,13.669002321782418,406.83255517301046,1.6625600521969486
FKID003017,440.9073485567362,82.80898231366531,2329.085622297354,1.6625600521969486
FKID003022,27.870870122514905,4.475442423350701,151.23009890058276,1.6625600521969486
FKID003029,9242.235998479215,1752.0059295180968,48736.66271119737,1.6625600521969486
FKID003031,673.2884756543009,126.88072231653356,3554.383017581045,1.6625600521969486
FKID003021,440.9073485567362,82.80898231366531,2329.085622297354,1.6625600521969486
FKID003023,440.9073485567362,82.80898231366531,2329.085622297354,1.6625600521969486
FKID003027,3241.0965112149074,613.8728009503119,17093.901208487976,1.6625600521969486
FKID003028,2512.618141395906,475.71481147254724,13252.786139427433,1.6625600521969486
FKID003026,2665.366935212639,504.68405355741083,14058.198788612957,1.6625600521969486
FKID003024,913.6739668229861,172.47051267330457,4821.885761335772,1.6625600521969486
FKID003025,2224.278660189996,421.03041086313965,11732.431970860569,1.6625600521969486
FKID003030,397.12500552725334,74.5055367507145,2098.2304253048783,1.6625600521969486
FKID003038,618.708081182054,116.52939566415482,3266.5919391243037,1.6625600521969486
FKID003035,286.15347366622757,53.45947091488701,1513.1005972579226,1.6625600521969486
FKID003042,770.608244142658,145.33769249964772,4067.529934147684,1.6625600521969486
FKID003036,132.62192303371162,24.3417767792845,703.5606340366187,1.6625600521969486
FKID003041,15432.664922416683,2926.038336751685,81377.50807986961,1.6625600521969486
FKID003040,1053.4383148171657,198.97721777196668,5558.834125816731,1.6625600521969486
FKID003037,95.69181031137266,17.33787613337615,508.8358235866868,1.6625600521969486
FKID003039,139.73342765911443,25.690493806327584,741.05812018314,1.6625600521969486
FKID003043,369.3043125578082,69.22926340372182,1951.5376923096694,1.6625600521969486
FKID003051,1053.4383148171657,198.97721777196668,5558.834125816731,1.6625600521969486
FKID003048,369.3043125578082,69.22926340372182,1951.5376923096694,1.6625600521969486
FKID003047,7367.642949029048,1396.4840396020302,38852.32309465085,1.6625600521969486
FKID003050,569.6914965570139,107.2332613334336,3008.137673853665,1.6625600521969486
FKID003057,26.32907587271517,4.1830367699149855,143.1005382002862,1.6625600521969486
FKID003061,30.11030859319982,4.900158282444583,163.03819260982905,1.6625600521969486
FKID003062,14335.770870860304,2718.0092680632056,75593.81367636535,1.6625600521969486
FKID003063,33.43593753847234,5.530873246489525,180.57354298538525,1.6625600521969486
FKID003066,107.77301955167484,19.629111739335254,572.5375294821249,1.6625600521969486
FKID003070,1942.0981281094828,367.51407242786706,10244.552661226031,1.6625600521969486
FKID003064,397.6048647505153,74.59654341373285,2100.760623276241,1.6625600521969486
FKID003067,37.348774124663066,6.272953805501135,201.20511723202063,1.6625600521969486
FKID003068,26.027282523916316,4.125800805148907,141.50924458356351,1.6625600521969486
FKID003071,23.462965028338413,3.6394707173252634,127.98813128466458,1.6625600521969486
FKID003072,22.436824304955202,3.444860218047011,122.57750447834886,1.6625600521969486
FKID003073,8266.959648198777,1567.0420028974127,43594.23317483196,1.6625600521969486
FKID003079,233.79504606554354,43.52954658326286,1237.0254883987905,1.6625600521969486
FKID003083,40.688756843711566,6.906391003463333,218.81615207403868,1.6625600521969486
FKID003080,37.326275286976866,6.268686837106337,201.08648553607287,1.6625600521969486
FKID003076,42.87037460075713,7.320141000182238,230.31936917518598,1.6625600521969486
FKID003078,516.2861076107462,97.10477781246415,2726.542155373803,1.6625600521969486
FKID003087,144.99016165471443,26.687448321575523,768.7757862128931,1.6625600521969486
FKID003092,48.926006487665354,8.468608766933574,262.24945777790737,1.6625600521969486
FKID003095,34.929011978954975,5.8140390498736005,188.4462142549411,1.6625600521969486
FKID003096,34.929011978954975,5.8140390498736005,188.4462142549411,1.6625600521969486
FKID003108,50.20594091187306,8.711351961567964,268.99828603131886,1.6625600521969486
FKID003107,36.373174843883945,6.087928634195244,196.06098495023934,1.6625600521969486
FKID003109,50.89426080219799,8.841893781482913,272.627653782784,1.6625600521969486
FKID003112,29.8642956477952,4.853501229427277,161.74101746925143,1.6625600521969486
FKID003119,2763.059691144428,523.2117618673109,14573.312390463463,1.6625600521969486
FKID003114,51.131298619237434,8.886848675943957,273.8775049364892,1.6625600521969486
FKID003117,43.05273855841738,7.35472684210615,231.28093642940166,1.6625600521969486
FKID003118,36.79464417380832,6.16786148829407,198.2833051472296,1.6625600521969486
FKID003127,164.35764112930173,30.360545748099906,870.8964809948695,1.6625600521969486
FKID003131,27.69896333790293,4.442839813961656,150.32367014689058,1.6625600521969486
FKID003132,42.349364534017425,7.221329962956359,227.5721913571495,1.6625600521969486
FKID003134,6146.627294149126,1164.914956719034,32414.161268811873,1.6625600521969486
FKID003133,252.9383424134794,47.16012704382613,1337.964112138323,1.6625600521969486
FKID003138,15.225468586196612,2.0772061478785164,84.55352426523433,1.6625600521969486
FKID003141,25.222935069331147,3.973254028510013,137.26808759583406,1.6625600521969486
FKID003146,3222.0066856922317,610.2523613834521,16993.24452529901,1.6625600521969486
FKID003153,389.4644861445828,73.05269751743957,2057.8380984264327,1.6625600521969486
FKID003148,28.747142936121378,4.64163004837514,155.85050336061937,1.6625600521969486
FKID003150,9.883100252904615,1.0640108375487327,56.38432616731644,1.6625600521969486
FKID003152,38.665081505799044,6.522595234604477,208.14573252915466,1.6625600521969486
FKID003157,38.46129868619947,6.483947244749977,207.0712280666899,1.6625600521969486
FKID003156,24.890933926752695,3.910289069956259,135.5175145595747,1.6625600521969486
FKID003161,30.773741499690864,5.025980215272823,166.53633646695764,1.6625600521969486
FKID003164,35.00423353616701,5.828305031597099,188.84284189537084,1.6625600521969486
FKID003166,41.57851631915867,7.075136412166552,223.50766889948463,1.6625600521969486
FKID003170,23.934986266754883,3.728990884281802,130.47700119064223,1.6625600521969486
FKID003172,35.454998093488584,5.91379380868029,191.21962973899127,1.6625600521969486
FKID003180,55.02805537694706,9.625879649866791,294.4242935888701,1.6625600521969486
FKID003191,19.77813139112123,2.94063156441472,108.55876920983357,1.6625600521969486
FKID003190,32.49134739685161,5.351729046395757,175.5929154508067,1.6625600521969486
FKID003194,6116.171541957889,1159.1389369151518,32253.5744160953,1.6625600521969486
FKID003200,47.45781285913193,8.190161680120768,254.50797785962297,1.6625600521969486
FKID003195,31.207107645690478,5.108169334290743,168.8213861030003,1.6625600521969486
FKID003199,116.78672531085877,21.33858660780995,620.064926937016,1.6625600521969486
FKID003198,1114.828039011787,210.61995312378045,5882.529384947101,1.6625600521969486
FKID003206,1114.828039011787,210.61995312378045,5882.529384947101,1.6625600521969486
FKID003201,1114.828039011787,210.61995312378045,5882.529384947101,1.6625600521969486
FKID003205,1114.828039011787,210.61995312378045,5882.529384947101,1.6625600521969486
FKID003204,1114.828039011787,210.61995312378045,5882.529384947101,1.6625600521969486
FKID003203,1114.828039011787,210.61995312378045,5882.529384947101,1.6625600521969486
FKID003202,1114.828039011787,210.61995312378045,5882.529384947101,1.6625600521969486
FKID003207,1114.828039011787,210.61995312378045,5882.529384947101,1.6625600521969486
FKID003210,1114.828039011787,210.61995312378045,5882.529384947101,1.6625600521969486
FKID003209,1114.828039011787,210.61995312378045,5882.529384947101,1.6625600521969486
FKID003215,31.207107645690478,5.108169334290743,168.8213861030003,1.6625600521969486
FKID003212,1114.828039011787,210.61995312378045,5882.529384947101,1.6625600521969486
FKID003211,1114.828039011787,210.61995312378045,5882.529384947101,1.6625600521969486
FKID003217,29.460575017708912,4.776934466604551,159.61228247839603,1.6625600521969486
FKID003221,44.32182140566659,7.595412004385205,237.97254657242667,1.6625600521969486
FKID003222,29.460575017708912,4.776934466604551,159.61228247839603,1.6625600521969486
FKID003223,30.76182252457789,5.023719747829358,166.47349018790396,1.6625600521969486
FKID003226,799.3965820099037,150.79748244664856,4219.324857616112,1.6625600521969486
FKID003235,48478.75071148116,9193.32225605494,255622.65159645915,1.6625600521969486
FKID003236,33.106125751512835,5.468323505439953,178.83451396636477,1.6625600521969486
FKID003237,145.7500533506496,26.8315639374686,772.7825372229962,1.6625600521969486
FKID003238,253.05908645992488,47.183026494776826,1338.6007704050842,1.6625600521969486
FKID003242,33.106125751512835,5.468323505439953,178.83451396636477,1.6625600521969486
FKID003240,26.1123077932598,4.141926088690571,141.95756516088872,1.6625600521969486
FKID003241,180.79772147101568,33.478453624250655,957.5816084514519,1.6625600521969486
FKID003248,21.815336533566,3.326993299086215,119.30052860257497,1.6625600521969486
FKID003247,1053.3212535659084,198.9550167735714,5558.216886163723,1.6625600521969486
FKID003249,410.96051577413454,77.12948051939914,2171.1821958710257,1.6625600521969486
FKID003246,19.853669198629415,2.9549575239040617,108.95706437235916,1.6625600521969486
FKID003251,410.96051577413454,77.12948051939914,2171.1821958710257,1.6625600521969486
FKID003252,986.7010947733351,186.32031466188297,5206.9426322624895,1.6625600521969486
FKID003261,170.0917338852857,31.448032706487687,901.1311605748191,1.6625600521969486
FKID003260,30.714551883592687,5.0147547366630505,166.22424192064582,1.6625600521969486
FKID003259,30.714551883592687,5.0147547366630505,166.22424192064582,1.6625600521969486
FKID003262,410.96051577413454,77.12948051939914,2171.1821958710257,1.6625600521969486
FKID003263,48.63362059516359,8.413156952942526,260.7077677234062,1.6625600521969486
FKID003264,410.96051577413454,77.12948051939914,2171.1821958710257,1.6625600521969486
FKID003271,170.0917338852857,31.448032706487687,901.1311605748191,1.6625600521969486
FKID003269,380.1834351745188,71.29251987128208,2008.9010452278721,1.6625600521969486
FKID003270,410.96051577413454,77.12948051939914,2171.1821958710257,1.6625600521969486
FKID003272,2353.111487752101,445.46392209990887,12411.74069963097,1.6625600521969486
FKID003265,153.14547033452237,28.234125748734787,811.7770342398368,1.6625600521969486
FKID003267,76.3151277451258,13.663033314410011,406.6666028147563,1.6625600521969486
FKID003273,410.96051577413454,77.12948051939914,2171.1821958710257,1.6625600521969486
FKID003274,410.96051577413454,77.12948051939914,2171.1821958710257,1.6625600521969486
FKID003275,4556.972055921182,863.4323310496711,24032.23952186213,1.6625600521969486
FKID003278,30.67117369250613,5.006527939662626,165.9955177328671,1.6625600521969486
FKID003284,30.67117369250613,5.006527939662626,165.9955177328671,1.6625600521969486
FKID003281,418.9686792357537,78.6482514384884,2213.407577738667,1.6625600521969486
FKID003288,38.64163894236556,6.518149285944423,208.02212476344425,1.6625600521969486
FKID003285,26.84286421670437,4.280478186933716,145.80963737490544,1.6625600521969486
FKID003290,374.45098570259887,70.20534456637886,1978.6750303433266,1.6625600521969486
FKID003292,41.328667325595454,7.027751841733371,222.1902670740829,1.6625600521969486
FKID003297,2745.3734595176875,519.8575178647118,14480.056566226363,1.6625600521969486
FKID003304,1961.1084924161883,371.11944194969226,10344.79036193492,1.6625600521969486
FKID003298,29901.519265390438,5670.097610012671,157668.77045825322,1.6625600521969486
FKID003305,314.56386104394926,58.847581479330685,1662.9026663317488,1.6625600521969486
FKID003301,21.29364580452152,3.2280531723232437,116.54976179364444,1.6625600521969486
FKID003302,6955.197557641257,1318.262601046943,36677.58425042429,1.6625600521969486
FKID003306,21.29364580452152,3.2280531723232437,116.54976179364444,1.6625600521969486
FKID003303,8361.36777909657,1584.9467727513666,44092.02763141062,1.6625600521969486
FKID003307,1567.0534767646977,296.38579032518913,8267.020147516752,1.6625600521969486
FKID003312,507.89883937939743,95.51410859830233,2682.317832831884,1.6625600521969486
FKID003311,176.26913663086196,32.61959466204073,933.7033216117816,1.6625600521969486
FKID003310,30.900594806015537,5.050038304691152,167.20520759157986,1.6625600521969486
FKID003317,18333.770511394712,3476.241241932654,96674.43501200076,1.6625600521969486
FKID003316,33.559750767025776,5.554354776534053,181.22638441163625,1.6625600521969486
FKID003325,52.59591858089167,9.164618006694884,281.60014165191376,1.6625600521969486
FKID003327,4636.254072384952,878.4683903894963,24450.277120178413,1.6625600521969486
FKID003323,29.070727282522235,4.702998737655957,157.55669637961225,1.6625600521969486
FKID003326,35.949819623387015,6.007638115599196,193.82872084414072,1.6625600521969486
FKID003328,152.41419836933028,28.095437945969284,807.9211891228723,1.6625600521969486
FKID003341,78.4483739990348,14.067609518332533,417.9147670312761,1.6625600521969486
FKID003343,22.643868497832578,3.48412673659593,123.66920548440662,1.6625600521969486
FKID003346,2851.1506420368787,539.9184606118584,15037.797669559595,1.6625600521969486
FKID003342,52.39458205536258,9.126433963450815,280.5385359897522,1.6625600521969486
FKID003344,43.408248888823955,7.422150384825409,233.15546852796032,1.6625600521969486
FKID003349,47.192911572512315,8.139922399607153,253.11120842074297,1.6625600521969486
FKID003355,630.9052953486366,118.84263193348066,3330.9053148906455,1.6625600521969486
FKID003358,44.10522823744294,7.554334495572094,236.83049580360824,1.6625600521969486
FKID003361,41.08921571608232,6.982339164681933,220.9276884942409,1.6625600521969486
FKID003363,20.59903255416457,3.096317798824405,112.8872104624661,1.6625600521969486
FKID003365,21.12191813461831,3.1954845325468506,115.64427747459209,1.6625600521969486
FKID003364,28.187338767655532,4.535461599700775,152.89877230544573,1.6625600521969486
FKID003367,6163.7874108489905,1168.1694215332002,32504.642998364205,1.6625600521969486
FKID003366,17.05503695364525,2.4241889791211566,94.20045808954205,1.6625600521969486
FKID003378,40.19537306545228,6.8128193702215905,216.21464193452329,1.6625600521969486
FKID003368,21.12191813461831,3.1954845325468506,115.64427747459209,1.6625600521969486
FKID003387,19.293166214204764,2.848656542800619,106.00164860584593,1.6625600521969486
FKID003391,462.92491182984287,86.98467565067904,2445.1796582717348,1.6625600521969486
FKID003394,17.521702956917554,2.512693510540181,96.66109095340165,1.6625600521969486
FKID003395,37.93013920315292,6.3832113419283285,204.2705344854769,1.6625600521969486
FKID003402,18.271594676127588,2.6549126024781113,100.61511416418975,1.6625600521969486
FKID003396,4059.872054163551,769.1559054788042,21411.134508056883,1.6625600521969486
FKID003404,298.7107100038734,55.8409864103125,1579.3122951210592,1.6625600521969486
FKID003405,42.53934541220797,7.2573603754675045,228.57392105055465,1.6625600521969486
FKID003401,26.501279716042546,4.215695717332142,144.00853328285712,1.6625600521969486
FKID003410,434.30581990145595,81.55698367612163,2294.2771334702516,1.6625600521969486
FKID003412,288.0283552612507,53.81504752828954,1522.9864583153167,1.6625600521969486
FKID003416,18.40256398604617,2.6797513036548364,101.30568812047312,1.6625600521969486
FKID003414,46.01433358229935,7.916401740220897,246.89681158231,1.6625600521969486
FKID003440,17.489644790296325,2.506613588293714,96.49205490237134,1.6625600521969486
FKID003429,36.04997068423747,6.026632048410958,194.35679657700106,1.6625600521969486
FKID003430,67.9914257272843,12.084419612972694,362.77745170784715,1.6625600521969486
FKID003439,17.370036110648513,2.4839294628771458,95.86138318881062,1.6625600521969486
FKID003436,17.370036110648513,2.4839294628771458,95.86138318881062,1.6625600521969486
FKID003442,43.34632404136532,7.410406161828469,232.82895167505535,1.6625600521969486
FKID003443,17.05244109833521,2.423696667797349,94.18677068390092,1.6625600521969486
FKID003444,46.880319838770795,8.080638490502443,251.46297716408046,1.6625600521969486
FKID003446,237.94961299171592,44.31747198702386,1258.931656497517,1.6625600521969486
FKID003445,16.99568206845288,2.4129321567588136,93.88749211363893,1.6625600521969486
FKID003454,236.62026457312615,44.0653572881709,1251.9222785197676,1.6625600521969486
FKID003452,20.768109984403072,3.128383813129844,113.77872061847596,1.6625600521969486
FKID003451,37.566001058578344,6.314151509775609,202.35050971563692,1.6625600521969486
FKID003456,7989.067653874017,1514.3389978137966,42128.96643364192,1.6625600521969486
FKID003458,18.450324754869413,2.688809268956086,101.55752072997451,1.6625600521969486
FKID003459,15.504224380163908,2.1300729750148784,86.02334564244528,1.6625600521969486
FKID003465,175.15022866738272,32.40739059250417,927.8035524251148,1.6625600521969486
FKID003468,43.25052148445228,7.392236935124835,232.32380469985452,1.6625600521969486
FKID003469,36.3668100900419,6.086721540572745,196.02742492580165,1.6625600521969486
FKID003476,46.249848271676214,7.961067769199728,248.13863160035035,1.6625600521969486
FKID003484,46.2752289005522,7.965881277469107,248.27245838241666,1.6625600521969486
FKID003485,194.65253136610062,36.10605762596887,1030.6351420521862,1.6625600521969486
FKID003486,37.65364458104636,6.33077335245014,202.81263579762495,1.6625600521969486
FKID003490,25.51624609805164,4.028881297209489,138.81465570137692,1.6625600521969486
FKID003493,229.72439249877613,42.75753558616927,1215.561778007335,1.6625600521969486
FKID003502,12610.624522982676,2390.8303690700886,66497.47546276273,1.6625600521969486
FKID003497,26.09721546819384,4.139063786425954,141.87798646694282,1.6625600521969486
FKID003501,2003.1710226172195,379.0967201307398,10566.577343253444,1.6625600521969486
FKID003499,30.204066641518672,4.917939762293202,163.53255931605352,1.6625600521969486
FKID003500,26.593805023322098,4.233243404345459,144.4964000017402,1.6625600521969486
FKID003511,33.94186624540447,5.6268240610431475,183.24119992700477,1.6625600521969486
FKID003507,40.96154357154516,6.958125780273619,220.25449980587555,1.6625600521969486
FKID003505,21.82933912160053,3.3296489296313148,119.37436133959727,1.6625600521969486
FKID003510,84.32042015229106,15.181259729877038,448.87684620885756,1.6625600521969486
FKID003518,25.813377943972164,4.085233194730339,140.38137018206456,1.6625600521969486
FKID003531,37.990399803207765,6.394639935683788,204.58827610764598,1.6625600521969486
FKID003539,126.52613343713102,23.185692988969215,671.4188021754126,1.6625600521969486
FKID003538,50.48711074004488,8.764676617139658,270.480836109263,1.6625600521969486
FKID003535,49.48934237761094,8.575447016605814,265.21981086656564,1.6625600521969486
FKID003540,297.83764419931447,55.67540700365199,1574.7088005533262,1.6625600521969486
FKID003542,42.68451317785856,7.284891854053818,229.33936051352842,1.6625600521969486
FKID003544,24.3023529220649,3.798663012654554,132.41404922671813,1.6625600521969486
FKID003545,42.848669354728145,7.316024538696594,230.20492192314154,1.6625600521969486
FKID003552,44.362487788822676,7.603124499318406,238.18697196049112,1.6625600521969486
FKID003554,43.896035583350994,7.5146605152588,235.72746640800787,1.6625600521969486
FKID003562,49.73617742867812,8.62225998429428,266.5213207994713,1.6625600521969486
FKID003565,29.317717920393513,4.749841212823209,158.85902668940568,1.6625600521969486
FKID003567,29.179310106366078,4.723591778239729,158.12923104664875,1.6625600521969486
FKID003564,367.52114241235955,68.8910801269099,1942.1354066685979,1.6625600521969486
FKID003569,208.39368685596884,38.71210674730823,1103.0893995911579,1.6625600521969486
FKID003577,18.39176961131162,2.6777041198635514,101.24877162552727,1.6625600521969486
FKID003576,57.636333877173946,10.120547066936375,308.1772041303557,1.6625600521969486
FKID003578,54259.727610841524,10289.700925241057,286104.5415220875,1.6625600521969486
FKID003580,19.542950130303396,2.896028771108021,107.31870729129983,1.6625600521969486
FKID003581,19.542950130303396,2.896028771108021,107.31870729129983,1.6625600521969486
FKID003587,15.807869784113684,2.1876601872944796,87.62440476112883,1.6625600521969486
FKID003592,33.045313068472694,5.45679020758011,178.51386132533517,1.6625600521969486
FKID003594,42.25533249037848,7.203496519117978,227.0763799305374,1.6625600521969486
FKID003595,28.548315610435722,4.6039218819998,154.8021281878301,1.6625600521969486
FKID003596,43.162806510978434,7.375601541564347,231.8613018715602,1.6625600521969486
FKID003599,41.07926177639113,6.980451371780876,220.87520343863943,1.6625600521969486
FKID003600,28.768321099059897,4.645646547057379,155.96217141305368,1.6625600521969486
FKID003604,221.1794307708206,41.13695935301069,1170.5059704259083,1.6625600521969486
FKID003607,16.365966454873398,2.293504804184825,90.56713253570958,1.6625600521969486
FKID003612,833.5787250185912,157.28022284056715,4399.56019478347,1.6625600521969486
FKID003617,303.3445619754222,56.71980958262696,1603.7456336704709,1.6625600521969486
FKID003616,317.22473549527064,59.35222386773638,1676.9329043941186,1.6625600521969486
FKID003618,132.21170947541208,24.26397861420615,701.3976631845006,1.6625600521969486
FKID003622,1004.1359764769721,189.6268894385035,5298.873140584607,1.6625600521969486
FKID003621,303.3445619754222,56.71980958262696,1603.7456336704709,1.6625600521969486
FKID003620,1425.7099092025326,269.5795817553242,7521.744886409544,1.6625600521969486
FKID003624,317.22473549527064,59.35222386773638,1676.9329043941186,1.6625600521969486
FKID003625,454.94712138912274,85.47166506116955,2403.1144270318937,1.6625600521969486
FKID003634,430.0985632151176,80.75906550986804,2272.093143214899,1.6625600521969486
FKID003628,36.89770630175322,6.187407513238785,198.82673033197057,1.6625600521969486
FKID003629,303.3445619754222,56.71980958262696,1603.7456336704709,1.6625600521969486
FKID003631,622.4702707075938,117.24290558073884,3286.4291827240086,1.6625600521969486
FKID003633,1425.7099092025326,269.5795817553242,7521.744886409544,1.6625600521969486
FKID003635,1274.967344806464,240.99082677162062,6726.910668072447,1.6625600521969486
FKID003637,169.6108339219584,31.3568286641635,898.5954749973515,1.6625600521969486
FKID003640,303.98192668097244,56.84068760719313,1607.1063253209102,1.6625600521969486
FKID003643,134.48751101440828,24.69559083236472,713.3974917968471,1.6625600521969486
FKID003644,457.62234392293885,85.9790286041248,2417.2203195517836,1.6625600521969486
FKID003648,17.01859827689892,2.4172782807022677,94.00832451887516,1.6625600521969486
FKID003650,99.25924631624926,18.014450492264526,527.6461723409611,1.6625600521969486
FKID003651,17.01859827689892,2.4172782807022677,94.00832451887516,1.6625600521969486
FKID003655,19.78197860775764,2.941361199964096,108.57905478372048,1.6625600521969486
FKID003657,799.8261625882076,150.87895362201348,4221.589946740325,1.6625600521969486
FKID003665,50.84924053456043,8.833355560006137,272.39027126656924,1.6625600521969486
FKID003664,42.964582874566446,7.338007866572383,230.81610982686652,1.6625600521969486
FKID003670,47.95461326715042,8.284381286889083,257.12750317789596,1.6625600521969486
FKID003673,282.20830655849653,52.71125878074588,1492.298550889363,1.6625600521969486
FKID003682,104.6698904015282,19.04059449265211,556.1753742916684,1.6625600521969486
FKID003684,44.51413317511271,7.631884477035545,238.98656657107225,1.6625600521969486
FKID003678,46.493284676595415,8.007236174004511,249.42222117834325,1.6625600521969486
FKID003685,229.93758121142193,42.79796743032384,1216.6858777893233,1.6625600521969486
FKID003683,614.793149965706,115.78691785259147,3245.9493203281086,1.6625600521969486
FKID003689,59.191476420821175,10.415484262168432,316.3771476103864,1.6625600521969486
FKID003688,133.25597735726828,24.462026980514274,706.9038707306904,1.6625600521969486
FKID003687,30.588375914073605,4.990825106091459,165.55894225225137,1.6625600521969486
FKID003693,28.203543202113444,4.538534816666552,152.98421492112325,1.6625600521969486
FKID003694,221.74990146101007,41.245150737790105,1173.5139438336687,1.6625600521969486
FKID003692,30.588375914073605,4.990825106091459,165.55894225225137,1.6625600521969486
FKID003696,221.74990146101007,41.245150737790105,1173.5139438336687,1.6625600521969486
FKID003695,221.74990146101007,41.245150737790105,1173.5139438336687,1.6625600521969486
FKID003703,217.5522385703639,40.449052062106446,1151.380539669447,1.6625600521969486
FKID003712,46.16757756773018,7.945464896800198,247.70483527397772,1.6625600521969486
FKID003719,3855.687336165203,730.4316944528199,20334.510918848326,1.6625600521969486
FKID003723,23.35269550350558,3.6185577891138765,127.40670299380304,1.6625600521969486
FKID003725,30.456906258064276,4.965891512859178,164.8657300750016,1.6625600521969486
FKID003726,58.36616023243787,10.258960705677907,312.0254268465611,1.6625600521969486
FKID003724,30.456906258064276,4.965891512859178,164.8657300750016,1.6625600521969486
FKID003721,1375.6922943749707,260.0935992068429,7258.012396891222,1.6625600521969486
FKID003730,335.41005317161665,62.80112095551493,1772.8203056626303,1.6625600521969486
FKID003733,32.60855909511479,5.373958577492665,176.21094837960982,1.6625600521969486
FKID003745,35.3729504911097,5.898233248125892,190.78700978082276,1.6625600521969486
FKID003739,28.54848803069748,4.603954581991586,154.80303732404218,1.6625600521969486
FKID003743,27.75926807910695,4.454276779211281,150.64164451616665,1.6625600521969486
FKID003747,44.746360902373475,7.675927124324177,240.21105512089233,1.6625600521969486
FKID003754,51.991977707335685,9.050078906687466,278.41568692223694,1.6625600521969486
FKID003762,13986.258532985834,2651.7232616435394,73750.90774606878,1.6625600521969486
FKID003765,26.58228921461005,4.231059398553684,144.43567953534233,1.6625600521969486
FKID003768,1093.151891890245,206.5090103284845,5768.235565394958,1.6625600521969486
FKID003776,44.83792986164653,7.6932934372249715,240.69387921546277,1.6625600521969486
FKID003774,26.48967058721485,4.213494013115692,143.94732075888078,1.6625600521969486
FKID003782,25.79712086235881,4.082149993082177,140.29564996887612,1.6625600521969486
FKID003784,25.79712086235881,4.082149993082177,140.29564996887612,1.6625600521969486
FKID003785,33.93630193414648,5.625768773627513,183.21186046998372,1.6625600521969486
FKID003787,50.96407639122434,8.855134506003646,272.9957768763101,1.6625600521969486
FKID003786,45.003930535915046,7.724775936032163,241.5691662765808,1.6625600521969486
FKID003793,30.788076811702382,5.028698947864073,166.61192358837184,1.6625600521969486
FKID003805,1176.8384544382488,222.38040432857005,6209.497419965716,1.6625600521969486
FKID003806,1176.8384544382488,222.38040432857005,6209.497419965716,1.6625600521969486
FKID003802,492.1486691545617,92.52704413304373,2599.2704580609397,1.6625600521969486
FKID003798,492.1486691545617,92.52704413304373,2599.2704580609397,1.6625600521969486
FKID003797,1227.9896948536227,232.08138218579552,6479.207281645547,1.6625600521969486
FKID003804,23.29622936825711,3.6078488263735737,127.10896879608293,1.6625600521969486
FKID003808,492.1486691545617,92.52704413304373,2599.2704580609397,1.6625600521969486
FKID003815,107.82100025161454,19.63821141519667,572.7905217427026,1.6625600521969486
FKID003820,37.65971214894695,6.331924083915748,202.8446288223476,1.6625600521969486
FKID003813,170.57581526037615,31.539840112578204,903.6836210754279,1.6625600521969486
FKID003811,78.15830333431646,14.012596793858746,416.3852846917814,1.6625600521969486
FKID003812,305.7397400106254,57.174061891953805,1616.3749097413427,1.6625600521969486
FKID003814,847.7078309167395,159.95984785742482,4474.060034210702,1.6625600521969486
FKID003825,901.7281497122267,170.204954568811,4758.897950005455,1.6625600521969486
FKID003828,433.62280544219266,81.42744804625872,2290.6757401543236,1.6625600521969486
FKID003827,433.62280544219266,81.42744804625872,2290.6757401543236,1.6625600521969486
FKID003826,41326.51673105301,7836.880791285002,217910.40802429197,1.6625600521969486
FKID003824,1179.6895598532644,222.9211245589121,6224.530706370387,1.6625600521969486
FKID003836,847.7078309167395,159.95984785742482,4474.060034210702,1.6625600521969486
FKID003835,316.6353526230927,59.24044573399033,1673.8252109806115,1.6625600521969486
FKID003838,88.23514996549676,15.923699344762987,469.51840304813794,1.6625600521969486
FKID003878,88.23514996549676,15.923699344762987,469.51840304813794,1.6625600521969486
FKID003845,590.7166486880244,111.22074108194859,3118.998932094981,1.6625600521969486
FKID003846,31.405566481028018,5.145807615426181,169.86781830275476,1.6625600521969486
FKID003853,286.4324587932306,53.51238123568419,1514.5716278605748,1.6625600521969486
FKID003859,268.7037208358781,50.15007578689712,1421.091676574812,1.6625600521969486
FKID003857,22.040696084744297,3.3697333772962805,120.4888026870928,1.6625600521969486
FKID003858,87.5928835232825,15.8018916919326,466.13186555883084,1.6625600521969486
FKID003869,71.90783872026978,12.827178447678945,383.42788360434815,1.6625600521969486
FKID003877,38.106967902271414,6.4167474063666585,205.2029154716073,1.6625600521969486
FKID003882,21.09332751400202,3.1900622402374044,115.49352507310313,1.6625600521969486
FKID003884,13.709251415180502,1.789651259994479,76.55882618654556,1.6625600521969486
FKID003888,3944.6846967435495,747.3102963657182,20803.775507869737,1.6625600521969486
FKID003890,21.16769868754426,3.204166944285447,115.88566881714839,1.6625600521969486
FKID003893,20.846688658306434,3.1432864815577544,114.19304963762303,1.6625600521969486
FKID003894,38.06193669573951,6.408207110297536,204.96547527687557,1.6625600521969486
FKID003896,519.2882696043675,97.67414635147568,2742.3719317284845,1.6625600521969486
FKID003900,36.573905485385524,6.125997769814646,197.11939591182414,1.6625600521969486
FKID003904,233.2263476806678,43.42169132121409,1234.0268599886724,1.6625600521969486
FKID003906,234.99187557008915,43.756528694120554,1243.3361216797055,1.6625600521969486
FKID003899,234.99187557008915,43.756528694120554,1243.3361216797055,1.6625600521969486
FKID003905,234.99187557008915,43.756528694120554,1243.3361216797055,1.6625600521969486
FKID003917,234.99187557008915,43.756528694120554,1243.3361216797055,1.6625600521969486
FKID003912,161.48370378921638,29.815495378395834,855.742806593693,1.6625600521969486
FKID003908,862.5912015960594,162.78252132982738,4552.536955095743,1.6625600521969486
FKID003914,234.99187557008915,43.756528694120554,1243.3361216797055,1.6625600521969486
FKID003909,234.99187557008915,43.756528694120554,1243.3361216797055,1.6625600521969486
FKID003918,161.48370378921638,29.815495378395834,855.742806593693,1.6625600521969486
FKID003925,265.8320398925497,49.60545334923925,1405.9498996848636,1.6625600521969486
FKID003924,210.3846406594149,39.08969678432685,1113.587285284209,1.6625600521969486
FKID003910,507.0137216889178,95.3462435172867,2677.6507911740246,1.6625600521969486
FKID003919,434.59285154533063,81.61142004167093,2295.7905916843342,1.6625600521969486
FKID003927,161.48370378921638,29.815495378395834,855.742806593693,1.6625600521969486
FKID003936,234.99187557008915,43.756528694120554,1243.3361216797055,1.6625600521969486
FKID003928,161.48370378921638,29.815495378395834,855.742806593693,1.6625600521969486
FKID003937,549.9537973203763,103.4899506787491,2904.0648871966355,1.6625600521969486
FKID003932,1241.7738045069916,234.6955776861005,6551.888027562955,1.6625600521969486
FKID003931,491.58264879772673,92.41969676661027,2596.2859503361956,1.6625600521969486
FKID003938,491.58264879772673,92.41969676661027,2596.2859503361956,1.6625600521969486
FKID003944,48.55099014530709,8.397485853710501,260.2720745316016,1.6625600521969486
FKID003947,234.99187557008915,43.756528694120554,1243.3361216797055,1.6625600521969486
FKID003952,265.8320398925497,49.60545334923925,1405.9498996848636,1.6625600521969486
FKID003950,265.8320398925497,49.60545334923925,1405.9498996848636,1.6625600521969486
FKID003942,161.48370378921638,29.815495378395834,855.742806593693,1.6625600521969486
FKID003940,145.48877839573012,26.78201240104956,771.4048886776342,1.6625600521969486
FKID003939,507.0137216889178,95.3462435172867,2677.6507911740246,1.6625600521969486
FKID003946,16.885930270876134,2.3921174169903,93.30879369101692,1.6625600521969486
FKID003948,118.57226127717708,21.677218569261417,629.4796870599265,1.6625600521969486
FKID003949,145.48877839573012,26.78201240104956,771.4048886776342,1.6625600521969486
FKID003954,355.90617405779994,66.68826842762427,1880.892092080623,1.6625600521969486
FKID003951,265.8320398925497,49.60545334923925,1405.9498996848636,1.6625600521969486
FKID003962,355.90617405779994,66.68826842762427,1880.892092080623,1.6625600521969486
FKID003953,804.4235671642648,151.75086444237434,4245.8311057469355,1.6625600521969486
FKID003967,85.45831933171054,15.397065537393402,454.876752130877,1.6625600521969486
FKID003959,391.5444671981794,73.44717182501331,2068.8054063100067,1.6625600521969486
FKID003964,296.14342422444327,55.35409337903547,1565.7755306782055,1.6625600521969486
FKID003968,803.5221006430413,151.57989875922746,4241.077860101794,1.6625600521969486
FKID003969,1742.1408069968559,329.5915992140856,9190.219257359115,1.6625600521969486
FKID003970,1742.1408069968559,329.5915992140856,9190.219257359115,1.6625600521969486
FKID003977,16.393966888478026,2.2988151658531923,90.71477300372466,1.6625600521969486
FKID003989,18.15465357295227,2.632734390507277,99.99850802705637,1.6625600521969486
FKID003997,157.1999093319596,29.003061606755313,833.1552485765409,1.6625600521969486
FKID003994,24.63512259624907,3.861773725407602,134.16867457043665,1.6625600521969486
FKID003998,33.009711525226585,5.450038273904427,178.32614178566175,1.6625600521969486
FKID003996,25.030345238190723,3.936728820670508,136.25260143565458,1.6625600521969486
FKID004003,98.64559708242174,17.89807017418968,524.4105274449317,1.6625600521969486
FKID004012,24.30484573611978,3.799135781911999,132.42719331723237,1.6625600521969486
FKID004004,18.679827278723895,2.73233507368751,102.76763984852002,1.6625600521969486
FKID004005,254.59292972229798,47.473924220890694,1346.6884072008634,1.6625600521969486
FKID004006,9465.457727935609,1794.340563773754,49913.664506006666,1.6625600521969486
FKID004015,116.79977735113724,21.341061964276477,620.1337476332413,1.6625600521969486
FKID004020,38.35573117486444,6.463926066737728,206.5145925159419,1.6625600521969486
FKID004026,18.696094438522856,2.7354201866921644,102.85341320188694,1.6625600521969486
FKID004027,18.88291691923116,2.770851600160653,103.83848932167108,1.6625600521969486
FKID004030,374.74211897999083,70.26055881836082,1980.2101156186409,1.6625600521969486
FKID004033,45.20692609587277,7.763274619862186,242.6395196825435,1.6625600521969486
FKID004032,24.086594395616768,3.757743796021993,131.27639935054654,1.6625600521969486
FKID004031,3745.997177434496,709.6286446663222,19756.137505053146,1.6625600521969486
FKID004034,18.755257341956526,2.7466405991693303,103.16536689786957,1.6625600521969486
FKID004038,17.43265692458611,2.4958056778912288,96.19156972833994,1.6625600521969486
FKID004042,29.895828445426293,4.8594815139543295,161.90728335876662,1.6625600521969486
FKID004039,24.502744685033683,3.8366678789988367,133.47067335221715,1.6625600521969486
FKID004040,18.229521584615554,2.6469333213144712,100.39327149527297,1.6625600521969486
FKID004047,2424.810060257212,459.06175977928075,12789.79237376363,1.6625600521969486
FKID004044,18.144718605091107,2.6308501956676067,99.94612300597255,1.6625600521969486
FKID004046,18.144718605091107,2.6308501956676067,99.94612300597255,1.6625600521969486
FKID004053,33.245823490637385,5.494817577977525,179.57111111611738,1.6625600521969486
FKID004052,71.41297415367896,12.733325978729235,380.8185655756623,1.6625600521969486
FKID004056,24.2420235068025,3.7872213678997575,132.0959447562593,1.6625600521969486
FKID004055,14.771297386978592,1.9910712914952624,82.15877390678097,1.6625600521969486
FKID004054,15.94594235990758,2.21384604299592,88.35243276234146,1.6625600521969486
FKID004070,243.4716235989034,45.36473696423034,1288.0480709767155,1.6625600521969486
FKID004061,38.290688286970955,6.451590498526658,206.17163488374075,1.6625600521969486
FKID004063,49.4515285333287,8.568275513762487,265.02042632323634,1.6625600521969486
FKID004059,398.3207944161523,74.73232150586271,2104.535571635722,1.6625600521969486
FKID004069,163.13534094059924,30.12873304973333,864.4515460891054,1.6625600521969486
FKID004066,696.3416469249632,131.25282164823042,3675.937599331188,1.6625600521969486
FKID004064,40.38651670629359,6.84907030396813,217.2225026337683,1.6625600521969486
FKID004074,31.865905824381976,5.233112277843404,172.29509200352035,1.6625600521969486
FKID004078,16.550365528390405,2.32847661160445,91.53943053294866,1.6625600521969486
FKID004081,26.333588711217857,4.183892642539624,143.12433345996044,1.6625600521969486
FKID004086,48.0122154683889,8.29530570776733,257.4312276155115,1.6625600521969486
FKID004092,21.998290785171264,3.3616910919314194,120.26520835410186,1.6625600521969486
FKID004099,44.839584863565264,7.693607313033983,240.70260569667727,1.6625600521969486
FKID004111,25.203215598464574,3.969514174917424,137.16411092358464,1.6625600521969486
FKID004114,24.911741005597516,3.914235191487389,135.6272259626926,1.6625600521969486
FKID004116,48.63566244334451,8.413544195242615,260.71853396457584,1.6625600521969486
FKID004113,35.51324183206153,5.924839898934016,191.52673686966233,1.6625600521969486
FKID004118,288.260613098148,53.85909588595617,1524.2111056269937,1.6625600521969486
FKID004112,380.5775466897273,71.3672642382078,2010.9791133527156,1.6625600521969486
FKID004120,15.139874104861,2.0609729116677307,84.10220235135473,1.6625600521969486
