junction,network_gi_star,p_sim,is_significant,severity_hotspot_score,latitude,longitude
HennurRd-DavisRdJunction,1.7219704987796467,0.05999999865889549,False,3015741.9754995997,13.003295697999999,77.620409662
HennurRoad-ORR Junc,0.4173210331426389,0.006000000052154064,True,2954.08838497,13.0292207,77.63169948235294
Nagavara-ORR Junction,0.4173210331426389,0.017999999225139618,True,260647.45231640997,13.039600234375,77.624189735625
RamamurthyNagarJunction,0.4173210331426389,0.014000000432133675,True,2358.78893396,13.015187844444444,77.66126624444445
HoramavuJunction,0.4173210331426389,0.014000000432133675,True,4141.52752574,13.018759941666666,77.65638329166667
Kammanahalli-RingRoadJunction,0.4173210331426389,0.014000000432133675,True,625.50065698,13.026446400000001,77.63677685
KalyanNagar-ORR Junc,0.4173210331426389,0.014000000432133675,True,683.208914556,13.024157833333334,77.64375153333334
"VeerannapalyaJunction(BEL,HO)",0.4173210331426389,0.017999999225139618,True,203945.99694785502,13.041578026666667,77.61365983
"Narayanapura cross, Hegde nagar",0.19590119206333031,0.09799999743700027,False,462.32182188,13.070610266666668,77.6345598
JaiMuniRaoCircle,0.10024594147558925,0.15399999916553497,False,985.8485585,12.978470042000001,77.543288764
PrasannaJunction,0.10024594147558925,0.15399999916553497,False,893.1582683500001,12.975611336666667,77.55341817833333
Srigandakaval,0.10024594147558925,0.15600000321865082,False,78129.76616881,12.988480971428572,77.5101611
LeprosyhospitalJunc,0.10024594147558925,0.1599999964237213,False,186162.0233436435,12.97553827904762,77.5642398852381
Sumanhalli,0.10024594147558925,0.15600000321865082,False,37250.513533985,12.98678775875,77.520432123125
KHB Junction,0.10024594147558925,0.15399999916553497,False,171.2303044,12.9807626,77.5366494
KundanahalliGateJunc,0.07945442440323934,0.16599999368190765,False,3653.28737068,12.955880527272727,77.71681418545455
HebbalFlyoverJunc,0.0012727632502417528,0.39399999380111694,False,355779.710579686,13.042259165,77.59092162321429
YeshwanthpuraCircle,-0.010227438178871695,0.2759999930858612,False,29109.145117325003,13.017761442894736,77.55697258157895
TataInstituteCircle,-0.05005059270236813,0.006000000052154064,True,50083.894479835,13.014359833333332,77.5655854
HesaraghattaJunction,-0.05005059270236813,0.006000000052154064,True,4183.352260746667,13.045215853333334,77.50743217666667
IndianExpressJunction,-0.05059097526272533,0.00800000037997961,True,55062.28669264667,12.98415381875,77.59736211250001
MekhriCircle,-0.05059097526272533,0.012000000104308128,True,160070.47657859483,13.0146016609375,77.58398061015625
YelhankaCircle,-0.05059097526272533,0.012000000104308128,True,363406.203607125,13.094322461764706,77.59592726470589
KodigehalliCross,-0.05059097526272533,0.012000000104308128,True,1752.2567816933333,13.055506881818182,77.59384458181817
IbblurJunction',-0.05160538138221795,0.21799999475479126,False,80707.080711245,12.921296843076922,77.66464258384616
Deverabeesanahalli-ORR Junc,-0.05160538138221795,0.21799999475479126,False,79950.6562575295,12.930817606666666,77.68505383333333
5thMainHSR,-0.05160538138221795,0.21799999475479126,False,64952.388312605006,12.916451233333333,77.63131656666667
MaratahalliBridgeJunc,-0.05160538138221795,0.22200000286102295,False,42598.32102288,12.95636516875,77.70061835
"Bellandur Junction, Outer ring road",-0.05160538138221795,0.2240000069141388,False,241.8599583,12.926606866666667,77.67833689999999
KoramangalaWaterTankJunc,-0.05211894376881634,0.20200000703334808,False,91146.02084658,12.92733995862069,77.6209728
Jaipuria-Adugodi,-0.05211894376881634,0.20200000703334808,False,109702.62525383498,12.93506315,77.62434095
Srinivagilu(Ejipura)Junc,-0.05211894376881634,0.21199999749660492,False,15520.88058445,12.938698,77.634254475
SonyworldJunction,-0.05211894376881634,0.21400000154972076,False,468.08043449999997,12.9374064,77.62750926666666
BM ShriJunc(CMH-100FtRd)Junc,-0.05211894376881634,0.21400000154972076,False,444.78191038,12.978526593333333,77.64130376666667
BDA Junctio-Koramangala,-0.05211894376881634,0.21400000154972076,False,1048.75699305,12.931545133333332,77.62268249
Indiranasgar13thMainJunc,-0.05211894376881634,0.21199999749660492,False,393.46840439999994,12.966776190000001,77.641548645
ChaudrayaCircle/UdayaTVCircle(CantonmentJunc),-0.05598648162449694,0.01600000075995922,True,56641.22276574267,12.994135485714285,77.59563775714285
27th Cross Jayanagar(Ganapathi Temple),-0.05598648162449694,0.01600000075995922,True,119.25386498333334,12.9317517,77.5797388
KarnatakaBhavanJunction,-0.05598648162449694,0.01600000075995922,True,454.1600211433333,12.981451431111111,77.5647627311111
RajajinagarEntranceJunction,-0.05598648162449694,0.01600000075995922,True,228.90997253333333,12.9822577,77.55984628
BTM16thMain-ORR Junc,-0.05598648162449694,0.01600000075995922,True,22103.91667966316,12.916279166666667,77.6097492
DevanahalliCrossJunc,-0.05598648162449694,0.01600000075995922,True,114.15353626666666,13.24167865,77.70356475
SadashivnagarJunc,-0.05598648162449694,0.01600000075995922,True,1342.7142395283333,13.015022161538461,77.57265107692308
KensingtonOvalJunc,-0.05598648162449694,0.01600000075995922,True,57.07676813333333,12.9821285,77.6236031
LowerAgaram(IndiaGarage)Junc,-0.05598648162449694,0.01600000075995922,True,83.82316384333333,12.964487366666667,77.61810673333333
Nagarbhavi,-0.05598648162449694,0.01600000075995922,True,28125.590833489998,12.958794555555556,77.51788084444443
NIMHANS Junction,-0.05598648162449694,0.01600000075995922,True,359.6850904666667,12.940403733333333,77.5977461
VetenaryHospitalJunc-Shivajinagar,-0.05598648162449694,0.01600000075995922,True,228.30707253333333,12.98963695,77.59948262500001
Ring road-Near Kengunte Junction,-0.05598648162449694,0.01600000075995922,True,559.7684730333334,12.959364842857143,77.50398327142857
BEML GateJunc(SuranjandasRd),-0.05598648162449694,0.01600000075995922,True,-174.52356673333335,12.9692543,77.65860705
UttarahalliJunction,-0.05598648162449694,0.01600000075995922,True,64941.57144291666,12.905854761999999,77.54496494333333
MillCornerRd-SampigeRdJunc,-0.05598648162449694,0.01600000075995922,True,597.5491988,12.99226608888889,77.5714538
FTI Junction(KanteeravaStudio),-0.05598648162449694,0.01600000075995922,True,2985.076838633334,13.021223754545453,77.53143259090909
BanashankariBusStandJunc,-0.05598648162449694,0.01600000075995922,True,17092.65761137833,12.916914513846153,77.57278397769231
ShankarMuttCircle,-0.05598648162449694,0.01600000075995922,True,135.06321291666666,12.999046466666668,77.54133353333333
MargosaRd-18thCrossJunc,-0.05598648162449694,0.01600000075995922,True,344.40550105,13.0110951,77.56933845
BHEL Gate,-0.05598648162449694,0.01600000075995922,True,31.145576100000003,12.8461033,77.6589267
StateBankofMysoreJunc,-0.05598648162449694,0.01600000075995922,True,664.4260207333333,12.973675366666667,77.582229875
NandiCross(RaniCross),-0.05598648162449694,0.01600000075995922,True,186.48597504333333,13.265405000000001,77.71870396666667
PlatformRdJunction,-0.05598648162449694,0.01600000075995922,True,329.92254031666664,12.981695483333333,77.57023611666666
Devasandra(k r puram),-0.05598648162449694,0.01600000075995922,True,56865.31170211182,13.00946257,77.69615677333333
ShantalaJunction,-0.05598648162449694,0.01600000075995922,True,38689.31924445,12.974563449333335,77.57028000666668
SagarTheatreJunc,-0.05598648162449694,0.01600000075995922,True,277.4431625166667,12.974529163333331,77.57870924833334
HopefarmJunction,-0.05598648162449694,0.01600000075995922,True,3121.98215075,12.984359663000001,77.752452978
RRR(Okalipuram)Junction,-0.05598648162449694,0.01600000075995922,True,287.25500399333333,12.9823826,77.56777453333333
CommandoHospitalJunc,-0.05598648162449694,0.01600000075995922,True,294.76265053333333,12.966296783333334,77.62450715
Arbindo Circle,-0.05598648162449694,0.01600000075995922,True,3514.253138845,12.91728056,77.585654
Malleswaram18thCrossRd-SampigeRdJunc,-0.05598648162449694,0.01600000075995922,True,274.78705583333334,13.008669560000001,77.57150302
K H Road-SiddaiahRdJunc(BMTC-BigBazaar),-0.05598648162449694,0.01600000075995922,True,1103.0613508666665,12.952732066666668,77.59074646666666
GowdanapalyaJunction,-0.05598648162449694,0.01600000075995922,True,19.04382405,12.9135866,77.5590245
EliteJunc,-0.05598648162449694,0.01600000075995922,True,344.25877161666665,12.976210316666666,77.57514845
LinkRoadMalleswaramJunc,-0.05598648162449694,0.01600000075995922,True,93.24444893333333,12.9928565,77.57435053333334
Basveshwarnagar 8th main Junction,-0.05598648162449694,0.01600000075995922,True,39.95373769333333,12.99274321,77.53414506
South end circle,-0.05598648162449694,0.01600000075995922,True,132.34731676666667,12.937703816666668,77.57961607
HalliThindi,-0.05598648162449694,0.01600000075995922,True,233.86138831666665,12.943953533333334,77.56790193333335
BinnyMillJunction,-0.05598648162449694,0.01600000075995922,True,43847.42580237166,12.970068857142858,77.56797037142857
SandeepUnnikrishnan-Yelhanka,-0.05598648162449694,0.01600000075995922,True,2863.9423749606667,13.1013404125,77.586018675
HoodiJunction,-0.05598648162449694,0.01600000075995922,True,16983.549897573335,12.992635916666666,77.71575451666666
ShivandaCircle,-0.05598648162449694,0.01600000075995922,True,647.27002915,12.987866075,77.57968311666666
DoddaballapuraCrossJunc,-0.05598648162449694,0.01600000075995922,True,6084.105845911667,13.2572493,77.7125229
29thMainRdBTM LayoutJunc,-0.05598648162449694,0.01600000075995922,True,71963.76843958333,12.916209779999999,77.61614313999999
ASC Junction,-0.05598648162449694,0.01600000075995922,True,213.34477135,12.966569033333334,77.62054773333334
Krupanidhi College,-0.05598648162449694,0.01600000075995922,True,316.39393866666666,12.92466734,77.62763722
MaharajaJunction,-0.05598648162449694,0.01600000075995922,True,73.43176834333333,12.93436245,77.6296954
KanakapuraRd-RingRdJunction,-0.05598648162449694,0.01600000075995922,True,1312.7656670666665,12.905958257777778,77.57323213000001
Devanahalli new bus stand,-0.05598648162449694,0.01600000075995922,True,39.95373769333333,13.2483559,77.7156178
CIL CrossJunction-JayamahalRd,-0.05598648162449694,0.01600000075995922,True,228.30707253333333,13.00907855,77.59168475
NationalCollege,-0.05598648162449694,0.01600000075995922,True,39.95373769333333,12.9516353,77.5736202
DMRoadJunc(Basavangudi),-0.05598648162449694,0.01600000075995922,True,57.07676813333333,12.943615,77.5722
YediyurMeternityHospital,-0.05598648162449694,0.01600000075995922,True,53.0065693,12.9267084,77.577034
JP Nagar 9th cross-24th main jn,-0.05598648162449694,0.01600000075995922,True,342.43636215,12.911875760000001,77.58611252
Geethanjali jn,-0.05598648162449694,0.01600000075995922,True,-463.3811985333333,13.002918300000001,77.57109990000001
ISRO Junction-NewBEL Rd,-0.05598648162449694,0.01600000075995922,True,-418.3878,13.0351175,77.5677308
PuttammaChoultryNagarbhavi,-0.05598648162449694,0.01600000075995922,True,211.18404209333332,12.9756474,77.53791515
ColesParkJunc,-0.05598648162449694,0.01600000075995922,True,57.07676813333333,12.9928238,77.6096432
UpparpetJunction,-0.05598648162449694,0.01600000075995922,True,9935.447727466664,12.97431308,77.57463606
HosmatJunction,-0.05598648162449694,0.01600000075995922,True,171.2303044,12.968480066666666,77.61442303333334
ESI(k r puram),-0.05598648162449694,0.01600000075995922,True,39.95373769333333,12.9930024,77.7063512
MSRamaiahHospitalJunc,-0.05598648162449694,0.01600000075995922,True,57.07676813333333,13.0278807,77.5742038
ThomasCafe-New,-0.05598648162449694,0.01600000075995922,True,57.07676813333333,12.9905937,77.6138551
BegumMahalJunc,-0.05598648162449694,0.01600000075995922,True,2000.0557059466669,12.9757196,77.620183425
K G Junction,-0.05598648162449694,0.01600000075995922,True,57.07676813333333,12.9751381,77.5764764
Geeta Circle,-0.05598648162449694,0.01600000075995922,True,70.25211858333334,12.9285748,77.5861157
BrigadeMillenium,-0.05598648162449694,0.01600000075995922,True,39.95373769333333,12.8933772,77.5851856
LalbaghWestGate,-0.05598648162449694,0.01600000075995922,True,57.07676813333333,12.9483534,77.5797302
BhashyamCircle,-0.05598648162449694,0.01600000075995922,True,273.8856367333333,12.9850372,77.55434766666667
TC Palya-OM RoadJunc,-0.05598648162449694,0.01600000075995922,True,26175.761917078828,13.017485675,77.705930225
KonanakunteJunction(KanakapurarRd),-0.05598648162449694,0.01600000075995922,True,356.07788961666665,12.890109883333333,77.56420415000001
TVS CrossJunction,-0.05598648162449694,0.01600000075995922,True,74.80607221666668,13.0283245,77.5191569
NTTF JunctionPeenya,-0.05598648162449694,0.01600000075995922,True,138.39391698333333,13.0248685,77.51113294999999
Peenya2ndStageBusStand,-0.05598648162449694,0.01600000075995922,True,2940.3497514666665,13.009776500000001,77.50594505000001
"Jayanagar 4th main,36th cross",-0.05598648162449694,0.01600000075995922,True,305.65466253333335,12.9225838,77.5803166
BhashyamCircle-SadashivNagar,-0.05598648162449694,0.01600000075995922,True,167.09222258333335,13.0071179,77.57946305
NagaTheaterJunc-Ulsoor,-0.05598648162449694,0.01600000075995922,True,1604.6096429066665,12.9897527,77.6180398
GopalGowdaJUnc,-0.05598648162449694,0.01600000075995922,True,178.19847564999998,12.9785487,77.5911902
GovindapuraCross,-0.05598648162449694,0.01600000075995922,True,57.07676813333333,13.032092,77.6216355
SiddapuraJunction,-0.05598648162449694,0.01600000075995922,True,354.07965913333334,12.94923378,77.59482698
BasavamantapaJunc-Dr RajkumarRd,-0.05598648162449694,0.01600000075995922,True,8142.466466554999,12.9802019,77.55618905
AnandRaoJunction,-0.05598648162449694,0.01600000075995922,True,386.6106937166667,12.9813513,77.57418408571428
Basappa Circle Junction,-0.05598648162449694,0.01600000075995922,True,174.84790596666667,12.957186906666665,77.57678725333334
ChandrikaJunction,-0.05598648162449694,0.01600000075995922,True,89.97062291666667,12.99138545,77.59245085
Shivashankara circle,-0.05598648162449694,0.01600000075995922,True,354.33791165,12.95775582,77.57404088
17th Mn 1st Crs Aishwarya Stores Jn,-0.05598648162449694,0.01600000075995922,True,55.782216733333335,12.9250436,77.6336263
WiproJunc-Koramangala,-0.05598648162449694,0.01600000075995922,True,215.32322236666667,12.9297671,77.6330898
GangammagudiJunc,-0.05598648162449694,0.01600000075995922,True,257.20455076666667,13.056797616666666,77.54662863333333
MarenahalliRd-18thMainRdJunc,-0.05598648162449694,0.01600000075995922,True,20.46787118333333,12.9186031,77.58915404999999
KCG HospitalJunction,-0.05598648162449694,0.01600000075995922,True,19173.653964011664,12.99931805,77.57141139999999
DickensonRd-AdigasJunc,-0.05598648162449694,0.01600000075995922,True,57.07676813333333,12.9796588,77.613821
WilsonGarden12thCrossJunc,-0.05598648162449694,0.01600000075995922,True,343.0105985166667,12.9445289375,77.596888675
ElectronicCityGate-2Junc,-0.05598648162449694,0.01600000075995922,True,298.79139759333333,12.855327033333333,77.66495454999999
BMTCJunction-K H Road,-0.05598648162449694,0.01600000075995922,True,16219.613067049997,12.956571942,77.593179472
SubedarChatramRd near SheshadripuramPS,-0.05598648162449694,0.01600000075995922,True,44355.122491484326,12.9875192825,77.57405029
CID-CarltonHouseJunc,-0.05598648162449694,0.01600000075995922,True,33525.99377916333,12.9803552,77.5863631888889
PotteryCircle,-0.05598648162449694,0.01600000075995922,True,41207.83659311617,13.0021017,77.61223598
BucheryJunction,-0.05598648162449694,0.01600000075995922,True,49547.846078326664,12.952048127272729,77.62148546363636
RingRoad-UllalJunction,-0.05598648162449694,0.01600000075995922,True,74528.0034455385,12.95178307142857,77.49974574285714
Peenya14thCrossJunc,-0.05598648162449694,0.01600000075995922,True,57.07676813333333,13.0166142,77.5054464
LalbaghMainGateJunc,-0.05598648162449694,0.01600000075995922,True,365.8667408333333,12.953932666666667,77.58566405
UrvashiJunction,-0.05598648162449694,0.01600000075995922,True,75313.74608222683,12.955620883333333,77.58573625
BloodBankCircle,-0.05598648162449694,0.01600000075995922,True,104601.89732589999,12.962145634,77.594476038
DevangaHostelJunction,-0.05598648162449694,0.01600000075995922,True,471.27598838333336,12.963187976,77.588957566
ArakereGateJunc,-0.05598648162449694,0.019999999552965164,True,439873.1784857873,12.890589566666668,77.59770875333334
DairyCircle,-0.05598648162449694,0.02199999988079071,True,651.3604211833333,12.936367480000001,77.6029089
SwagathMainRd-EastEndRdJunc,-0.05598648162449694,0.02199999988079071,True,5286.565654026499,12.92727815,77.59705165
MysoreRd-RingRdJunc(Nayandanahallii),-0.05598648162449694,0.01600000075995922,True,92911.40592538334,12.944786855789474,77.52730521105264
Dr TCM RoyanRd near AmbedkarStatue,-0.05598648162449694,0.017999999225139618,True,9206.285138463332,12.965155475000001,77.56807370833333
MotherTeressaCircle,-0.05598648162449694,0.017999999225139618,True,1502.1723736833333,12.966578086363636,77.60897399272727
RajeshwariJunc,-0.05598648162449694,0.017999999225139618,True,53611.18447885999,12.936724756818181,77.51907055181817
Shivajinagar(BRV)Junction,-0.05598648162449694,0.02199999988079071,True,172901.75994752004,12.979665,77.60270885625
D'SouzaCircle,-0.05598648162449694,0.01600000075995922,True,428.5555375,12.9671612,77.610776025
PoliceCornerJunc,-0.05598648162449694,0.017999999225139618,True,45500.54285548333,12.968714985,77.58703580538462
AyyappaTempleJunc,-0.05598648162449694,0.019999999552965164,True,829325.8876855683,12.923716187142857,77.61866231877552
Marigowda-TavarkereRdJunc,-0.05598648162449694,0.019999999552965164,True,6718.094883999999,12.935763999999999,77.60780676153846
K R Circle,-0.05598648162449694,0.01600000075995922,True,49842.16628618,12.976696022580645,77.58604781483871
28thMainJayanagarJunc,-0.05598648162449694,0.019999999552965164,True,130987.33797797398,12.9168331,77.59537391666667
KrishnaFlourMill,-0.05598648162449694,0.01600000075995922,True,161.58529262666664,12.984845371578947,77.57305116631579
NGV RearGateJunc,-0.05598648162449694,0.01600000075995922,True,81191.14303319131,12.9424581,77.62256595
BigBazaarJunction(OldMadrasRd),-0.05598648162449694,0.01600000075995922,True,3093.5608328266667,12.991387184615386,77.65742077692308
MahalaxmiLayoutEntranceJunc,-0.05598648162449694,0.01600000075995922,True,5819.7669980833325,13.009674380000002,77.54884394000001
KhodaysCircle(DV UrsCircle),-0.05598648162449694,0.01600000075995922,True,1299.76213775,12.980188352173913,77.57155901739131
Dr RajkumarRd-10thCrossRdJunc,-0.05598648162449694,0.01600000075995922,True,761.154856525,13.007386059999998,77.55402936
PurnimaTheaterJunc,-0.05598648162449694,0.01600000075995922,True,456.61414506666665,12.96036127625,77.58765571250001
WilsonGarden10thCrossJunc,-0.05598648162449694,0.01600000075995922,True,99134.650412985,12.946020894999998,77.59561568333334
KR Road-14thCross Junc,-0.05598648162449694,0.01600000075995922,True,123.51028495,12.929715,77.573648
BigBazaar(Whitefield)Junc,-0.05598648162449694,0.01600000075995922,True,18571.255972321665,12.98810970125,77.733229935
"PriyadarshiniHotel,Jayamahal,RT Nagar",-0.05598648162449694,0.01600000075995922,True,3182.4376586533335,13.001852065000001,77.59451953833333
VeerasandraGateJunction,-0.05598648162449694,0.01600000075995922,True,716.4709234166667,12.839784945454545,77.67714299090909
Minerva Circle,-0.05598648162449694,0.01600000075995922,True,66.14210221666667,12.9549542,77.58042775
NavarangBarJunc-Dr RajkumarRd,-0.05598648162449694,0.014000000432133675,True,76280.80272523583,12.987796445,77.55978970999999
VishweswaraiahJunctio(Uttamsagar),-0.05598648162449694,0.01600000075995922,True,57.07676813333333,13.01136787,77.64639437
MICO Bande,-0.05598648162449694,0.01600000075995922,True,40454.49732272516,12.945653433333334,77.60280531666666
Bamboobazar(Shivajinagar),-0.05598648162449694,0.01600000075995922,True,57956.468468083825,12.9930158,77.60516129999999
MintoJunction,-0.05598648162449694,0.014000000432133675,True,96414.73430911849,12.960096060000001,77.57199944
SubbannaJunction,-0.05598648162449694,0.014000000432133675,True,96536.41538839048,12.982947461111111,77.57678229777778
"Trilight Circle,Race course Road",-0.05598648162449694,0.014000000432133675,True,120.42757326666666,12.984309145000001,77.582696795
HainsJunc,-0.05598648162449694,0.01600000075995922,True,63690.84577142082,12.9941844,77.60665671666666
BagalakunteCrossJunction,-0.05598648162449694,0.01600000075995922,True,33055.119944210324,13.0599505,77.5068564
SindhiColonyJunction,-0.05598648162449694,0.014000000432133675,True,229433.63266205048,12.994906466666666,77.61605924444444
Bommanahalli,-0.05655052136510691,0.1420000046491623,False,87707.29670763,12.906963534615384,77.62816493076923
AnepalyaJunc,-0.05655052136510691,0.12999999523162842,False,225132.1746480535,12.951754411666668,77.60533033
UCO Bank(Forum),-0.05655052136510691,0.15399999916553497,False,522.8225312,12.933905,77.612605
AdugodiJunc,-0.05655052136510691,0.15399999916553497,False,100.29257655,12.942809950000001,77.60780145000001
NaganathapuraJunction,-0.05655052136510691,0.15600000321865082,False,4494.86715858,12.870339716666665,77.65300454166668
Kudlu Gate Junc,-0.05655052136510691,0.15399999916553497,False,1193.5395554,12.889438966666667,77.6394545
SarjapurRd-St JohnsRdJunc,-0.05655052136510691,0.14800000190734863,False,130777.45024613,12.92788846,77.61594824
CMP GateJunc,-0.05655052136510691,0.10199999809265137,False,698551.122067715,12.957914185000002,77.60585476
GarebhavipalyaJunc,-0.05655052136510691,0.14800000190734863,False,702.04424804,12.893795220000001,77.63690847000001
HSR14thMainJunc,-0.056585166920228386,0.01600000075995922,True,419.7280539333334,12.91803727,77.63877112333334
Kadubeesanahalli-ORR Junc,-0.056585166920228386,0.01600000075995922,True,58709.61991428333,12.939466620833334,77.69618835916667
DomlurWaterTank,-0.056585166920228386,0.01600000075995922,True,2091.57688705,12.961040745,77.63887486666667
AgaraJunction,-0.056585166920228386,0.01600000075995922,True,2445.8631588433336,12.923731916666668,77.64970595
OperaHouseJunc,-0.05873423600835675,0.07000000029802322,False,17222.85378238,12.971986748333334,77.60712471333333
SilkBoardJunc,-0.05912872671280417,0.09600000083446503,False,508901.248652261,12.917013388484849,77.62287403454545
SadahalliGateJunc(AirportRd),-0.060478403314708995,0.1379999965429306,False,8772.858795299999,13.190765028571429,77.64583525714285
KogilluCrossJunc,-0.060478403314708995,0.1379999965429306,False,15565.27456673,13.104882479999999,77.60111568666666
HunsemarammanahalliJunction,-0.060478403314708995,0.1379999965429306,False,1697.283516,13.142240485714286,77.61770735714286
BagalurCrossJunc,-0.060478403314708995,0.1379999965429306,False,35657.60415819,13.122025955555555,77.61086333333333
JakkurCrossJunction,-0.060478403314708995,0.1420000046491623,False,2745.47281978,13.073616027777778,77.59285452777777
Batrayanapura(Amrutahalli)Junction,-0.060478403314708995,0.1420000046491623,False,2728.53329323,13.067096859285714,77.59289248
SantheCircle,-0.060478403314708995,0.13199999928474426,False,156875.84232703,13.097470472,77.598195376
YelhankaBypass,-0.060478403314708995,0.1379999965429306,False,3245.5899050099997,13.082246415789474,77.59342907894738
KIMCO Junction,-0.06585397463299544,0.02800000086426735,True,21282.196488345002,12.951140019032259,77.53800328
JohnsonMarket,-0.06663194571923477,0.02199999988079071,True,16654.980423817997,12.962821266666666,77.60661306666667
MinskSquare(CTO Junction),-0.06774852368583321,0.05400000140070915,False,1936.36195195,12.9816874725,77.59743405750001
PoliceTimmaiahCircle(GPO),-0.06774852368583321,0.052000001072883606,False,139669.69741229,12.982200871428573,77.59418355
CoffeeBoardJunc,-0.06774852368583321,0.03799999877810478,True,476935.8398156194,12.9832485,77.5956467
SirsiCircle,-0.06832921221794615,0.03400000184774399,True,111691.99872343549,12.961263,77.56049068888889
A S CharStreet-MysoreRdJunc,-0.06832921221794615,0.035999998450279236,True,22146.776450035,12.96481012,77.57389456000001
Richmond circle jn,-0.06832921221794615,0.03400000184774399,True,89651.96581529,12.965108050909093,77.59626807090909
RoyanCircle-Chamrajpete,-0.06832921221794615,0.03400000184774399,True,35.05571625,12.9624886,77.5656329
K R MarketJunction,-0.06832921221794615,0.03400000184774399,True,1785.6631193999997,12.963904757142858,77.57833600000001
MysoreRd--MadhuPetrolBunkJunction,-0.06832921221794615,0.03400000184774399,True,381.075084205,12.912233975,77.48536440000001
CashPharmacyJunction,-0.06832921221794615,0.03400000184774399,True,493.5386911,12.966028399999999,77.5997593
UniversityJunc(Janabharti),-0.06832921221794615,0.03400000184774399,True,1654.14573505,12.935896474545455,77.5125528
N R SquareJunc,-0.06832921221794615,0.03400000184774399,True,1444.049138525,12.96546108,77.58656263
AshirwadamCircle,-0.06832921221794615,0.03400000184774399,True,85186.96572601999,12.971060399999999,77.60420058
ShivajiTalkiesJunc,-0.06832921221794615,0.035999998450279236,True,-1904.3091002999995,12.962567871428572,77.58247607142857
HudsonCircle,-0.06832921221794615,0.035999998450279236,True,2944.12145035,12.967816574375,77.590308950625
BiryandCircle,-0.06832921221794615,0.03400000184774399,True,856.151522,12.96412278,77.57003834
OldPoliceStation-Ashoknagar,-0.06832921221794615,0.035999998450279236,True,839.4738246,12.9683707,77.60624623999999
TownhallJunction,-0.06832921221794615,0.035999998450279236,True,22588.394079204998,12.963981796666667,77.58437726000001
UlsoorGateJunc,-0.06832921221794615,0.035999998450279236,True,1528.49625805,12.966829124999999,77.58747884166667
BangaloreBodyBuildersJunc,-0.06832921221794615,0.03400000184774399,True,163318.92336167948,12.959079889473685,77.55549174210527
Ashoknagar Junction(ShoolayCircle),-0.06832921221794615,0.035999998450279236,True,1153.34885475,12.966321083333334,77.60641865000001
SiddalingaiahCircle,-0.06832921221794615,0.035999998450279236,True,1360.13392125,12.971612360909091,77.59445759545454
toll gate mysore road,-0.06832921221794615,0.035999998450279236,True,12228.013281718331,12.957494487575758,77.55188395151515
SatteliteBusStandJunc,-0.06832921221794615,0.035999998450279236,True,38131.520829005,12.954126423255815,77.543464
PeenyaPoliceStation,-0.06979329667095983,0.052000001072883606,False,9437.1690385,13.0371606,77.52245386666667
SRS Peenya Junc,-0.06979329667095983,0.052000001072883606,False,36222.033270565,13.03450852,77.529849455
GoruguntepalyaJunc,-0.06979329667095983,0.05999999865889549,False,3082.9006298649997,13.02965172,77.540355135
Chokasandra (Tumkur road),-0.06979329667095983,0.052000001072883606,False,35027.09637520001,13.042173135714284,77.51471048571429
MS RamaiahJunc(TollGate),-0.06979329667095983,0.052000001072883606,False,9637.548264150002,13.017081354545455,77.56076145454546
GokuldasImagesJunc,-0.06979329667095983,0.052000001072883606,False,4234.312497545,13.030656107142857,77.53642285714285
JalahalliCross(SM Circle),-0.06979329667095983,0.052000001072883606,False,4792.4699924,13.0400894125,77.518302096875
LRDE Junction,-0.07084138588700191,0.0560000017285347,False,1616.0674075499999,12.987409266666667,77.58811161111112
BasaweshwaraCircle,-0.07084138588700191,0.0560000017285347,False,929.87440815,12.984270700000001,77.5886019
QueensStatueCircle,-0.07324285256349683,0.01600000075995922,True,204054.73614783346,12.977181917777777,77.59924659111113
TumkurRdMarappanapalyaJunc,-0.07375454518798612,0.019999999552965164,True,1760.7182466666666,13.018958142857143,77.55314450714286
ChandraLayoutJunc-nearWaterTank,-0.07474902779693234,0.02199999988079071,True,491.67787575,12.960020400000001,77.52715265
Yemalur cross junc,-0.07641624277875793,0.09000000357627869,False,10207.30677651,12.956005000000001,77.69349825
"KuvempuCircleJunc,HAL MainGate",-0.07641624277875793,0.09000000357627869,False,17.51995,12.958055,77.668315
ISRO Junction-Airport rd,-0.07641624277875793,0.08799999952316284,False,27980.964962494996,12.95924701111111,77.65546522222222
OldMadrasRd-NGEF Junc,-0.08295545375788303,0.017999999225139618,True,1003.93659658,12.9867540125,77.64830568375
TamarikannanJunc,-0.08295545375788303,0.017999999225139618,True,119.86121308,12.9813476,77.6285708
MayohallJunction,-0.08295545375788303,0.017999999225139618,True,643.36246048,12.973328760000001,77.61061404
OldMadrasRd-Indranagar100ftRdJunc,-0.08295545375788303,0.017999999225139618,True,1208.95690635,12.984076591666666,77.64112288333332
OldMadrasRd-DoubleRdJunc,-0.08295545375788303,0.019999999552965164,True,102.3361991,12.98281526,77.6375072
OldMadrasRd-SuddaguntepalyaRdJunc,-0.08295545375788303,0.019999999552965164,True,359.58363924,12.989703999999998,77.65383403333334
WebbsCircle,-0.08295545375788303,0.019999999552965164,True,689.33516966,12.973985733333334,77.61382183333333
TrinityCircle,-0.08295545375788303,0.01600000075995922,True,311642.0045571135,12.971906496363637,77.61934259909091
AnilKumbleCircle,-0.08295545375788303,0.019999999552965164,True,1067.24156845,12.97636365,77.6015210625
KamrajRdJunction,-0.08295545375788303,0.017999999225139618,True,907.66010811,12.97709826,77.6089381
OldMadrasRd-80FeetRdJunc,-0.08295545375788303,0.019999999552965164,True,1010.25879596,12.985833575000001,77.645409175
AnjaneyaTempleJunc,-0.08295545375788303,0.019999999552965164,True,359.58363924,12.981286866666666,77.63094503333333
ManipalCentreJunc,-0.08295545375788303,0.019999999552965164,True,234.52532218,12.975913349999999,77.61298679999999
Arts&CraftsCircle,-0.08295545375788303,0.019999999552965164,True,147.44819848,12.9753296,77.6073261
OldMadrasRd-BMTC DepotJunc,-0.08295545375788303,0.019999999552965164,True,58.8197935,12.9825565,77.6353914
CMH Rd-AdarshTheaterJunc,-0.08295545375788303,0.019999999552965164,True,753.41333936,12.978331579999999,77.62877914
RamaiahCircle-UlsoorPoliceStation,-0.08295545375788303,0.019999999552965164,True,1137.71088061,12.975644066666668,77.6259338
JayadevaHospitalJunc,-0.08775424343781753,0.026000000536441803,True,1284.2120567349998,12.915537875,77.6001182625
MeenakshiMallJunc,-0.08775424343781753,0.024000000208616257,True,152405.847736468,12.876471425,77.59513195
GorappanapalyaJunction,-0.08775424343781753,0.02800000086426735,True,35.340997650000006,12.920906,77.6002661
SagarHospitalJunc,-0.08775424343781753,0.029999999329447746,True,856.151522,12.9278346,77.60037306
J D MaraJunc,-0.08775424343781753,0.029999999329447746,True,405.38599895,12.907161833333333,77.6010555
HulimaveRd-BanneraghattaRdJunc,-0.08775424343781753,0.026000000536441803,True,152515.5017744725,12.881814533333333,77.59606995555555
BilekahalliJunc,-0.08775424343781753,0.024000000208616257,True,58718.87716401999,12.900502092857142,77.60094976428572
DevegowdaPetrolBunkJunc,-0.08983341789735587,0.026000000536441803,True,448.1134871500001,12.92073005,77.56126234999999
KamakyaJunction,-0.08983341789735587,0.026000000536441803,True,133.59634169999998,12.9233939,77.5542916
KadirenahalliJunction,-0.08983341789735587,0.026000000536441803,True,1533.11396605,12.916272925000001,77.565058
NCERT Junction,-0.08983341789735587,0.026000000536441803,True,438.51033495,12.9318961,77.5445289
ItmaduJunction,-0.08983341789735587,0.026000000536441803,True,1125.46155355,12.92794845,77.54645538333334
PES-DevegowdaCircle,-0.08983341789735587,0.026000000536441803,True,667.102326,12.93772201,77.53334387999999
KatriguppeJunction,-0.08983341789735587,0.01600000075995922,True,260155.95004054997,12.9254345525,77.54992262166667
Delmia-Jayanagar,-0.08983341789735587,0.017999999225139618,True,153790.40458746397,12.906240366666665,77.59390086666666
JP Nagar 15th cross junction,-0.08983341789735587,0.02199999988079071,True,39897.81708285,12.906214328571428,77.58573547142858
TyagiHengalvarayaJunc(DickensonRd),-0.09485738606928332,0.014000000432133675,True,850.5694418,12.981654599999999,77.60941434
SafinaPlazaJunc,-0.09485738606928332,0.014000000432133675,True,193.54497905,12.9801409,77.6074116
ShivanahalliJunctionWOC,-0.10002903681487565,0.006000000052154064,True,867.91959955,12.989829300000002,77.55055643333334
Rajajinagagr1stBlockJunction,-0.10002903681487565,0.006000000052154064,True,342.4606088,13.00449865,77.54946015
Rajajinagar19thMainJunc,-0.10002903681487565,0.006000000052154064,True,1027.3818264,12.9977006,77.55124131666666
VijayanagarBusStandJunction,-0.10002903681487565,0.006000000052154064,True,557.1038814,12.973221583333334,77.53947993333334
CholurpalyaJunction(MagadiRd),-0.10002903681487565,0.006000000052154064,True,225.8752222,12.973764150000001,77.5500964
NavarangTheatreJunction,-0.10002903681487565,0.006000000052154064,True,684.9212176,12.998120985,77.5528348225
RajarajeshwariKalyanaMantapaJunc,-0.10002903681487565,0.006000000052154064,True,171.2303044,12.994492,77.5541902
Fire Force Junction,-0.10002903681487565,0.006000000052154064,True,111.80675209999998,12.98076095,77.5495049
ModiBridgeJunction,-0.10002903681487565,0.006000000052154064,True,83410.60354319899,12.998804033333334,77.5498981
AttiguppeCircleJunction,-0.10002903681487565,0.006000000052154064,True,39.055831600000005,12.9621302,77.5335461
DhobiGhatJunc,-0.10002903681487565,0.006000000052154064,True,1212.3744883499999,12.98687955857143,77.55060211714286
MC Circle,-0.10002903681487565,0.006000000052154064,True,931.2437021,12.976117833333333,77.54777961666666
ModiHospital,-0.10002903681487565,0.006000000052154064,True,243.74576455000002,12.9975256,77.5470383
5thMainRPC Layout-Vijayanagar,-0.10002903681487565,0.006000000052154064,True,352.1412473,12.9657814,77.53542256666667
BhadrappaLayout,-0.12014649123528588,0.27399998903274536,False,88166.58165331649,13.0466962,77.57735149999999
KuvempuCircle,-0.12014649123528588,0.3779999911785126,False,3857.2522716999997,13.0446343,77.56207
BEL Circle,-0.12014649123528588,0.32600000500679016,False,51149.69418855949,13.044356544,77.555854144
